patient_id,image_path,view,label,class,width,height,fold
IIR0088,/content/dataset/Breast Thermography/Benign/IIR0088/IIR0088_oblleft.jpg,left,0,Benign,320,240,3
IIR0088,/content/dataset/Breast Thermography/Benign/IIR0088/IIR0088_anterior.jpg,anterior,0,Benign,320,240,3
IIR0088,/content/dataset/Breast Thermography/Benign/IIR0088/IIR0088_oblright.jpg,right,0,Benign,320,240,3
IIR0007,/content/dataset/Breast Thermography/Benign/IIR0007/IIR0007_oblleft.jpg,left,0,Benign,320,240,0
IIR0007,/content/dataset/Breast Thermography/Benign/IIR0007/IIR0007_anterior.jpg,anterior,0,Benign,320,240,0
IIR0007,/content/dataset/Breast Thermography/Benign/IIR0007/IIR0007_oblright.jpg,right,0,Benign,320,240,0
IIR0057,/content/dataset/Breast Thermography/Benign/IIR0057/IIR0057_oblright.jpg,right,0,Benign,320,240,2
IIR0057,/content/dataset/Breast Thermography/Benign/IIR0057/IIR0057_oblleft.jpg,left,0,Benign,320,240,2
IIR0057,/content/dataset/Breast Thermography/Benign/IIR0057/IIR0057_anterior.jpg,anterior,0,Benign,320,240,2
IIR0011,/content/dataset/Breast Thermography/Benign/IIR0011/IIR0011_oblright.jpg,right,0,Benign,320,240,1
IIR0011,/content/dataset/Breast Thermography/Benign/IIR0011/IIR0011_anterior.jpg,anterior,0,Benign,320,240,1
IIR0011,/content/dataset/Breast Thermography/Benign/IIR0011/IIR0011_oblleft.jpg,left,0,Benign,320,240,1
IIR0001,/content/dataset/Breast Thermography/Benign/IIR0001/IIR0001_oblright.jpg,right,0,Benign,320,240,0
IIR0001,/content/dataset/Breast Thermography/Benign/IIR0001/IIR0001_oblleft.jpg,left,0,Benign,320,240,0
IIR0001,/content/dataset/Breast Thermography/Benign/IIR0001/IIR0001_anterior.jpg,anterior,0,Benign,320,240,0
IIR0014,/content/dataset/Breast Thermography/Benign/IIR0014/IIR0014_oblright.jpg,right,0,Benign,320,240,2
IIR0014,/content/dataset/Breast Thermography/Benign/IIR0014/IIR0014_anterior.jpg,anterior,0,Benign,320,240,2
IIR0014,/content/dataset/Breast Thermography/Benign/IIR0014/IIR0014_oblleft.jpg,left,0,Benign,320,240,2
IIR0006,/content/dataset/Breast Thermography/Benign/IIR0006/IIR0006_oblright.jpg,right,0,Benign,320,240,3
IIR0006,/content/dataset/Breast Thermography/Benign/IIR0006/IIR0006_anterior.jpg,anterior,0,Benign,320,240,3
IIR0006,/content/dataset/Breast Thermography/Benign/IIR0006/IIR0006_oblleft.jpg,left,0,Benign,320,240,3
IIR0110,/content/dataset/Breast Thermography/Benign/IIR0110/IIR0110_oblright.jpg,right,0,Benign,320,240,4
IIR0110,/content/dataset/Breast Thermography/Benign/IIR0110/IIR0110_oblleft.jpg,left,0,Benign,320,240,4
IIR0110,/content/dataset/Breast Thermography/Benign/IIR0110/IIR0110_anterior.jpg,anterior,0,Benign,320,240,4
IIR0027,/content/dataset/Breast Thermography/Benign/IIR0027/IIR0027_oblleft.jpg,left,0,Benign,320,240,1
IIR0027,/content/dataset/Breast Thermography/Benign/IIR0027/IIR0027_anterior.jpg,anterior,0,Benign,320,240,1
IIR0027,/content/dataset/Breast Thermography/Benign/IIR0027/IIR0027_oblright.jpg,right,0,Benign,320,240,1
IIR0042,/content/dataset/Breast Thermography/Benign/IIR0042/IIR0042_oblright.jpg,right,0,Benign,320,240,2
IIR0042,/content/dataset/Breast Thermography/Benign/IIR0042/IIR0042_anterior.jpg,anterior,0,Benign,320,240,2
IIR0042,/content/dataset/Breast Thermography/Benign/IIR0042/IIR0042_oblleft.jpg,left,0,Benign,320,240,2
IIR0108,/content/dataset/Breast Thermography/Benign/IIR0108/IIR0108_oblleft.jpg,left,0,Benign,320,240,2
IIR0108,/content/dataset/Breast Thermography/Benign/IIR0108/IIR0108_oblright.jpg,right,0,Benign,320,240,2
IIR0108,/content/dataset/Breast Thermography/Benign/IIR0108/IIR0108_anterior.jpg,anterior,0,Benign,320,240,2
IIR0008,/content/dataset/Breast Thermography/Benign/IIR0008/IIR0008_oblleft.jpg,left,0,Benign,320,240,1
IIR0008,/content/dataset/Breast Thermography/Benign/IIR0008/IIR0008_oblright.jpg,right,0,Benign,320,240,1
IIR0008,/content/dataset/Breast Thermography/Benign/IIR0008/IIR0008_anterior.jpg,anterior,0,Benign,320,240,1
IIR0005,/content/dataset/Breast Thermography/Benign/IIR0005/IIR0005_anterior.jpg,anterior,0,Benign,320,240,4
IIR0005,/content/dataset/Breast Thermography/Benign/IIR0005/IIR0005_oblright.jpg,right,0,Benign,320,240,4
IIR0005,/content/dataset/Breast Thermography/Benign/IIR0005/IIR0005_oblleft.jpg,left,0,Benign,320,240,4
IIR0066,/content/dataset/Breast Thermography/Benign/IIR0066/IIR0066_oblright.jpg,right,0,Benign,320,240,0
IIR0066,/content/dataset/Breast Thermography/Benign/IIR0066/IIR0066_oblleft.jpg,left,0,Benign,320,240,0
IIR0066,/content/dataset/Breast Thermography/Benign/IIR0066/IIR0066_anterior.jpg,anterior,0,Benign,320,240,0
IIR0058,/content/dataset/Breast Thermography/Benign/IIR0058/IIR0058_anterior.jpg,anterior,0,Benign,320,240,3
IIR0058,/content/dataset/Breast Thermography/Benign/IIR0058/IIR0058_oblleft.jpg,left,0,Benign,320,240,3
IIR0058,/content/dataset/Breast Thermography/Benign/IIR0058/IIR0058_oblright.jpg,right,0,Benign,320,240,3
IIR0031,/content/dataset/Breast Thermography/Benign/IIR0031/IIR0031_oblright.jpg,right,0,Benign,320,240,0
IIR0031,/content/dataset/Breast Thermography/Benign/IIR0031/IIR0031_oblleft.jpg,left,0,Benign,320,240,0
IIR0031,/content/dataset/Breast Thermography/Benign/IIR0031/IIR0031_anterior.jpg,anterior,0,Benign,320,240,0
IIR0023,/content/dataset/Breast Thermography/Benign/IIR0023/IIR0023_oblright.jpg,right,0,Benign,320,240,2
IIR0023,/content/dataset/Breast Thermography/Benign/IIR0023/IIR0023_anterior.jpg,anterior,0,Benign,320,240,2
IIR0023,/content/dataset/Breast Thermography/Benign/IIR0023/IIR0023_oblleft.jpg,left,0,Benign,320,240,2
IIR0015,/content/dataset/Breast Thermography/Benign/IIR0015/IIR0015_anterior.jpg,anterior,0,Benign,320,240,4
IIR0015,/content/dataset/Breast Thermography/Benign/IIR0015/IIR0015_oblleft.jpg,left,0,Benign,320,240,4
IIR0015,/content/dataset/Breast Thermography/Benign/IIR0015/IIR0015_oblright.jpg,right,0,Benign,320,240,4
IIR0017,/content/dataset/Breast Thermography/Benign/IIR0017/IIR0017_oblleft.jpg,left,0,Benign,320,240,1
IIR0017,/content/dataset/Breast Thermography/Benign/IIR0017/IIR0017_oblright.jpg,right,0,Benign,320,240,1
IIR0017,/content/dataset/Breast Thermography/Benign/IIR0017/IIR0017_anterior.jpg,anterior,0,Benign,320,240,1
IIR0079,/content/dataset/Breast Thermography/Benign/IIR0079/IIR0079_oblright.jpg,right,0,Benign,320,240,3
IIR0079,/content/dataset/Breast Thermography/Benign/IIR0079/IIR0079_anterior.jpg,anterior,0,Benign,320,240,3
IIR0079,/content/dataset/Breast Thermography/Benign/IIR0079/IIR0079_oblleft.jpg,left,0,Benign,320,240,3
IIR0004,/content/dataset/Breast Thermography/Benign/IIR0004/IIR0004_oblleft.jpg,left,0,Benign,320,240,3
IIR0004,/content/dataset/Breast Thermography/Benign/IIR0004/IIR0004_oblright.jpg,right,0,Benign,320,240,3
IIR0004,/content/dataset/Breast Thermography/Benign/IIR0004/IIR0004_anterior.jpg,anterior,0,Benign,320,240,3
IIR0106,/content/dataset/Breast Thermography/Benign/IIR0106/IIR0106_anterior.jpg,anterior,0,Benign,320,240,0
IIR0106,/content/dataset/Breast Thermography/Benign/IIR0106/IIR0106_oblright.jpg,right,0,Benign,320,240,0
IIR0106,/content/dataset/Breast Thermography/Benign/IIR0106/IIR0106_oblleft.jpg,left,0,Benign,320,240,0
IIR0051,/content/dataset/Breast Thermography/Benign/IIR0051/IIR0051_oblleft.jpg,left,0,Benign,320,240,0
IIR0051,/content/dataset/Breast Thermography/Benign/IIR0051/IIR0051_anterior.jpg,anterior,0,Benign,320,240,0
IIR0051,/content/dataset/Breast Thermography/Benign/IIR0051/IIR0051_oblright.jpg,right,0,Benign,320,240,0
IIR0115,/content/dataset/Breast Thermography/Benign/IIR0115/IIR0115_oblleft.jpg,left,0,Benign,320,240,4
IIR0115,/content/dataset/Breast Thermography/Benign/IIR0115/IIR0115_oblright.jpg,right,0,Benign,320,240,4
IIR0115,/content/dataset/Breast Thermography/Benign/IIR0115/IIR0115_anterior.jpg,anterior,0,Benign,320,240,4
IIR0020,/content/dataset/Breast Thermography/Benign/IIR0020/IIR0020_oblleft.jpg,left,0,Benign,320,240,4
IIR0020,/content/dataset/Breast Thermography/Benign/IIR0020/IIR0020_anterior.jpg,anterior,0,Benign,320,240,4
IIR0020,/content/dataset/Breast Thermography/Benign/IIR0020/IIR0020_oblright.jpg,right,0,Benign,320,240,4
IIR0018,/content/dataset/Breast Thermography/Benign/IIR0018/IIR0018_anterior.jpg,anterior,0,Benign,320,240,2
IIR0018,/content/dataset/Breast Thermography/Benign/IIR0018/IIR0018_oblright.jpg,right,0,Benign,320,240,2
IIR0018,/content/dataset/Breast Thermography/Benign/IIR0018/IIR0018_oblleft.jpg,left,0,Benign,320,240,2
IIR0077,/content/dataset/Breast Thermography/Benign/IIR0077/IIR0077_oblright.jpg,right,0,Benign,320,240,0
IIR0077,/content/dataset/Breast Thermography/Benign/IIR0077/IIR0077_oblleft.jpg,left,0,Benign,320,240,0
IIR0077,/content/dataset/Breast Thermography/Benign/IIR0077/IIR0077_anterior.jpg,anterior,0,Benign,320,240,0
IIR0053,/content/dataset/Breast Thermography/Benign/IIR0053/IIR0053_oblleft.jpg,left,0,Benign,320,240,1
IIR0053,/content/dataset/Breast Thermography/Benign/IIR0053/IIR0053_anterior.jpg,anterior,0,Benign,320,240,1
IIR0053,/content/dataset/Breast Thermography/Benign/IIR0053/IIR0053_oblright.jpg,right,0,Benign,320,240,1
IIR0095,/content/dataset/Breast Thermography/Benign/IIR0095/IIR0095_anterior.jpg,anterior,0,Benign,320,240,4
IIR0095,/content/dataset/Breast Thermography/Benign/IIR0095/IIR0095_oblleft.jpg,left,0,Benign,320,240,4
IIR0095,/content/dataset/Breast Thermography/Benign/IIR0095/IIR0095_oblright.jpg,right,0,Benign,320,240,4
IIR0039,/content/dataset/Breast Thermography/Benign/IIR0039/IIR0039_oblright.jpg,right,0,Benign,320,240,3
IIR0039,/content/dataset/Breast Thermography/Benign/IIR0039/IIR0039_anterior.jpg,anterior,0,Benign,320,240,3
IIR0039,/content/dataset/Breast Thermography/Benign/IIR0039/IIR0039_oblleft.jpg,left,0,Benign,320,240,3
IIR0041,/content/dataset/Breast Thermography/Benign/IIR0041/IIR0041_anterior.jpg,anterior,0,Benign,320,240,0
IIR0041,/content/dataset/Breast Thermography/Benign/IIR0041/IIR0041_oblleft.jpg,left,0,Benign,320,240,0
IIR0041,/content/dataset/Breast Thermography/Benign/IIR0041/IIR0041_oblright.jpg,right,0,Benign,320,240,0
IIR0118,/content/dataset/Breast Thermography/Benign/IIR0118/IIR0118_oblleft.jpg,left,0,Benign,320,240,1
IIR0118,/content/dataset/Breast Thermography/Benign/IIR0118/IIR0118_oblright.jpg,right,0,Benign,320,240,1
IIR0118,/content/dataset/Breast Thermography/Benign/IIR0118/IIR0118_anterior.jpg,anterior,0,Benign,320,240,1
IIR0010,/content/dataset/Breast Thermography/Benign/IIR0010/IIR0010_oblright.jpg,right,0,Benign,320,240,4
IIR0010,/content/dataset/Breast Thermography/Benign/IIR0010/IIR0010_anterior.jpg,anterior,0,Benign,320,240,4
IIR0010,/content/dataset/Breast Thermography/Benign/IIR0010/IIR0010_oblleft.jpg,left,0,Benign,320,240,4
IIR0082,/content/dataset/Breast Thermography/Benign/IIR0082/IIR0082_oblleft.jpg,left,0,Benign,320,240,2
IIR0082,/content/dataset/Breast Thermography/Benign/IIR0082/IIR0082_oblright.jpg,right,0,Benign,320,240,2
IIR0082,/content/dataset/Breast Thermography/Benign/IIR0082/IIR0082_anterior.jpg,anterior,0,Benign,320,240,2
IIR0009,/content/dataset/Breast Thermography/Benign/IIR0009/IIR0009_oblleft.jpg,left,0,Benign,320,240,2
IIR0009,/content/dataset/Breast Thermography/Benign/IIR0009/IIR0009_oblright.jpg,right,0,Benign,320,240,2
IIR0009,/content/dataset/Breast Thermography/Benign/IIR0009/IIR0009_anterior.jpg,anterior,0,Benign,320,240,2
IIR0105,/content/dataset/Breast Thermography/Benign/IIR0105/IIR0105_oblleft.jpg,left,0,Benign,320,240,4
IIR0105,/content/dataset/Breast Thermography/Benign/IIR0105/IIR0105_anterior.jpg,anterior,0,Benign,320,240,4
IIR0105,/content/dataset/Breast Thermography/Benign/IIR0105/IIR0105_oblright.jpg,right,0,Benign,320,240,4
IIR0040,/content/dataset/Breast Thermography/Benign/IIR0040/IIR0040_anterior.jpg,anterior,0,Benign,320,240,4
IIR0040,/content/dataset/Breast Thermography/Benign/IIR0040/IIR0040_oblright.jpg,right,0,Benign,320,240,4
IIR0040,/content/dataset/Breast Thermography/Benign/IIR0040/IIR0040_oblleft.jpg,left,0,Benign,320,240,4
IIR0061,/content/dataset/Breast Thermography/Benign/IIR0061/IIR0061_oblright.jpg,right,0,Benign,320,240,0
IIR0061,/content/dataset/Breast Thermography/Benign/IIR0061/IIR0061_anterior.jpg,anterior,0,Benign,320,240,0
IIR0061,/content/dataset/Breast Thermography/Benign/IIR0061/IIR0061_oblleft.jpg,left,0,Benign,320,240,0
IIR0099,/content/dataset/Breast Thermography/Benign/IIR0099/IIR0099_oblright.jpg,right,0,Benign,320,240,3
IIR0099,/content/dataset/Breast Thermography/Benign/IIR0099/IIR0099_anterior.jpg,anterior,0,Benign,320,240,3
IIR0099,/content/dataset/Breast Thermography/Benign/IIR0099/IIR0099_oblleft.jpg,left,0,Benign,320,240,3
IIR0002,/content/dataset/Breast Thermography/Benign/IIR0002/IIR0002_oblleft.jpg,left,0,Benign,320,240,1
IIR0002,/content/dataset/Breast Thermography/Benign/IIR0002/IIR0002_anterior.jpg,anterior,0,Benign,320,240,1
IIR0002,/content/dataset/Breast Thermography/Benign/IIR0002/IIR0002_oblright.jpg,right,0,Benign,320,240,1
IIR0090,/content/dataset/Breast Thermography/Benign/IIR0090/IIR0090_anterior.jpg,anterior,0,Benign,320,240,2
IIR0090,/content/dataset/Breast Thermography/Benign/IIR0090/IIR0090_oblleft.jpg,left,0,Benign,320,240,2
IIR0090,/content/dataset/Breast Thermography/Benign/IIR0090/IIR0090_oblright.jpg,right,0,Benign,320,240,2
IIR0068,/content/dataset/Breast Thermography/Benign/IIR0068/IIR0068_oblleft.jpg,left,0,Benign,320,240,2
IIR0068,/content/dataset/Breast Thermography/Benign/IIR0068/IIR0068_oblright.jpg,right,0,Benign,320,240,2
IIR0068,/content/dataset/Breast Thermography/Benign/IIR0068/IIR0068_anterior.jpg,anterior,0,Benign,320,240,2
IIR0067,/content/dataset/Breast Thermography/Benign/IIR0067/IIR0067_oblleft.jpg,left,0,Benign,320,240,1
IIR0067,/content/dataset/Breast Thermography/Benign/IIR0067/IIR0067_anterior.jpg,anterior,0,Benign,320,240,1
IIR0067,/content/dataset/Breast Thermography/Benign/IIR0067/IIR0067_oblright.jpg,right,0,Benign,320,240,1
IIR0022,/content/dataset/Breast Thermography/Benign/IIR0022/IIR0022_anterior.jpg,anterior,0,Benign,320,240,1
IIR0022,/content/dataset/Breast Thermography/Benign/IIR0022/IIR0022_oblleft.jpg,left,0,Benign,320,240,1
IIR0022,/content/dataset/Breast Thermography/Benign/IIR0022/IIR0022_oblright.jpg,right,0,Benign,320,240,1
IIR0109,/content/dataset/Breast Thermography/Benign/IIR0109/IIR0109_oblright.jpg,right,0,Benign,320,240,3
IIR0109,/content/dataset/Breast Thermography/Benign/IIR0109/IIR0109_oblleft.jpg,left,0,Benign,320,240,3
IIR0109,/content/dataset/Breast Thermography/Benign/IIR0109/IIR0109_anterior.jpg,anterior,0,Benign,320,240,3
IIR0064,/content/dataset/Breast Thermography/Benign/IIR0064/IIR0064_anterior.jpg,anterior,0,Benign,320,240,4
IIR0064,/content/dataset/Breast Thermography/Benign/IIR0064/IIR0064_oblleft.jpg,left,0,Benign,320,240,4
IIR0064,/content/dataset/Breast Thermography/Benign/IIR0064/IIR0064_oblright.jpg,right,0,Benign,320,240,4
IIR0091,/content/dataset/Breast Thermography/Benign/IIR0091/IIR0091_oblright.jpg,right,0,Benign,320,240,0
IIR0091,/content/dataset/Breast Thermography/Benign/IIR0091/IIR0091_oblleft.jpg,left,0,Benign,320,240,0
IIR0091,/content/dataset/Breast Thermography/Benign/IIR0091/IIR0091_anterior.jpg,anterior,0,Benign,320,240,0
IIR0055,/content/dataset/Breast Thermography/Benign/IIR0055/IIR0055_oblleft.jpg,left,0,Benign,320,240,3
IIR0055,/content/dataset/Breast Thermography/Benign/IIR0055/IIR0055_oblright.jpg,right,0,Benign,320,240,3
IIR0055,/content/dataset/Breast Thermography/Benign/IIR0055/IIR0055_anterior.jpg,anterior,0,Benign,320,240,3
IIR0103,/content/dataset/Breast Thermography/Benign/IIR0103/IIR0103_anterior.jpg,anterior,0,Benign,320,240,2
IIR0103,/content/dataset/Breast Thermography/Benign/IIR0103/IIR0103_oblright.jpg,right,0,Benign,320,240,2
IIR0103,/content/dataset/Breast Thermography/Benign/IIR0103/IIR0103_oblleft.jpg,left,0,Benign,320,240,2
IIR0080,/content/dataset/Breast Thermography/Benign/IIR0080/IIR0080_oblright.jpg,right,0,Benign,320,240,4
IIR0080,/content/dataset/Breast Thermography/Benign/IIR0080/IIR0080_oblleft.jpg,left,0,Benign,320,240,4
IIR0080,/content/dataset/Breast Thermography/Benign/IIR0080/IIR0080_anterior.jpg,anterior,0,Benign,320,240,4
IIR0111,/content/dataset/Breast Thermography/Benign/IIR0111/IIR0111_anterior.jpg,anterior,0,Benign,320,240,0
IIR0111,/content/dataset/Breast Thermography/Benign/IIR0111/IIR0111_oblright.jpg,right,0,Benign,320,240,0
IIR0111,/content/dataset/Breast Thermography/Benign/IIR0111/IIR0111_oblleft.jpg,left,0,Benign,320,240,0
IIR0003,/content/dataset/Breast Thermography/Benign/IIR0003/IIR0003_anterior.jpg,anterior,0,Benign,320,240,2
IIR0003,/content/dataset/Breast Thermography/Benign/IIR0003/IIR0003_oblleft.jpg,left,0,Benign,320,240,2
IIR0003,/content/dataset/Breast Thermography/Benign/IIR0003/IIR0003_oblright.jpg,right,0,Benign,320,240,2
IIR0013,/content/dataset/Breast Thermography/Benign/IIR0013/IIR0013_oblright.jpg,right,0,Benign,320,240,3
IIR0013,/content/dataset/Breast Thermography/Benign/IIR0013/IIR0013_anterior.jpg,anterior,0,Benign,320,240,3
IIR0013,/content/dataset/Breast Thermography/Benign/IIR0013/IIR0013_oblleft.jpg,left,0,Benign,320,240,3
IIR0107,/content/dataset/Breast Thermography/Benign/IIR0107/IIR0107_oblleft.jpg,left,0,Benign,320,240,1
IIR0107,/content/dataset/Breast Thermography/Benign/IIR0107/IIR0107_oblright.jpg,right,0,Benign,320,240,1
IIR0107,/content/dataset/Breast Thermography/Benign/IIR0107/IIR0107_anterior.jpg,anterior,0,Benign,320,240,1
IIR0032,/content/dataset/Breast Thermography/Benign/IIR0032/IIR0032_oblright.jpg,right,0,Benign,320,240,3
IIR0032,/content/dataset/Breast Thermography/Benign/IIR0032/IIR0032_anterior.jpg,anterior,0,Benign,320,240,3
IIR0032,/content/dataset/Breast Thermography/Benign/IIR0032/IIR0032_oblleft.jpg,left,0,Benign,320,240,3
IIR0029,/content/dataset/Breast Thermography/Benign/IIR0029/IIR0029_anterior.jpg,anterior,0,Benign,320,240,2
IIR0029,/content/dataset/Breast Thermography/Benign/IIR0029/IIR0029_oblright.jpg,right,0,Benign,320,240,2
IIR0029,/content/dataset/Breast Thermography/Benign/IIR0029/IIR0029_oblleft.jpg,left,0,Benign,320,240,2
IIR0076,/content/dataset/Breast Thermography/Benign/IIR0076/IIR0076_oblleft.jpg,left,0,Benign,320,240,2
IIR0076,/content/dataset/Breast Thermography/Benign/IIR0076/IIR0076_oblright.jpg,right,0,Benign,320,240,2
IIR0076,/content/dataset/Breast Thermography/Benign/IIR0076/IIR0076_anterior.jpg,anterior,0,Benign,320,240,2
IIR0078,/content/dataset/Breast Thermography/Benign/IIR0078/IIR0078_oblleft.jpg,left,0,Benign,320,240,1
IIR0078,/content/dataset/Breast Thermography/Benign/IIR0078/IIR0078_anterior.jpg,anterior,0,Benign,320,240,1
IIR0078,/content/dataset/Breast Thermography/Benign/IIR0078/IIR0078_oblright.jpg,right,0,Benign,320,240,1
IIR0054,/content/dataset/Breast Thermography/Benign/IIR0054/IIR0054_oblright.jpg,right,0,Benign,320,240,2
IIR0054,/content/dataset/Breast Thermography/Benign/IIR0054/IIR0054_anterior.jpg,anterior,0,Benign,320,240,2
IIR0054,/content/dataset/Breast Thermography/Benign/IIR0054/IIR0054_oblleft.jpg,left,0,Benign,320,240,2
IIR0112,/content/dataset/Breast Thermography/Benign/IIR0112/IIR0112_oblleft.jpg,left,0,Benign,320,240,3
IIR0112,/content/dataset/Breast Thermography/Benign/IIR0112/IIR0112_anterior.jpg,anterior,0,Benign,320,240,3
IIR0112,/content/dataset/Breast Thermography/Benign/IIR0112/IIR0112_oblright.jpg,right,0,Benign,320,240,3
IIR0074,/content/dataset/Breast Thermography/Benign/IIR0074/IIR0074_oblleft.jpg,left,0,Benign,320,240,2
IIR0074,/content/dataset/Breast Thermography/Benign/IIR0074/IIR0074_anterior.jpg,anterior,0,Benign,320,240,2
IIR0074,/content/dataset/Breast Thermography/Benign/IIR0074/IIR0074_oblright.jpg,right,0,Benign,320,240,2
IIR0117,/content/dataset/Breast Thermography/Benign/IIR0117/IIR0117_oblleft.jpg,left,0,Benign,320,240,4
IIR0117,/content/dataset/Breast Thermography/Benign/IIR0117/IIR0117_oblright.jpg,right,0,Benign,320,240,4
IIR0117,/content/dataset/Breast Thermography/Benign/IIR0117/IIR0117_anterior.jpg,anterior,0,Benign,320,240,4
IIR0094,/content/dataset/Breast Thermography/Benign/IIR0094/IIR0094_oblright.jpg,right,0,Benign,320,240,3
IIR0094,/content/dataset/Breast Thermography/Benign/IIR0094/IIR0094_anterior.jpg,anterior,0,Benign,320,240,3
IIR0094,/content/dataset/Breast Thermography/Benign/IIR0094/IIR0094_oblleft.jpg,left,0,Benign,320,240,3
IIR0114,/content/dataset/Breast Thermography/Benign/IIR0114/IIR0114_oblleft.jpg,left,0,Benign,320,240,2
IIR0114,/content/dataset/Breast Thermography/Benign/IIR0114/IIR0114_oblright.jpg,right,0,Benign,320,240,2
IIR0114,/content/dataset/Breast Thermography/Benign/IIR0114/IIR0114_anterior.jpg,anterior,0,Benign,320,240,2
IIR0113,/content/dataset/Breast Thermography/Benign/IIR0113/IIR0113_anterior.jpg,anterior,0,Benign,320,240,1
IIR0113,/content/dataset/Breast Thermography/Benign/IIR0113/IIR0113_oblleft.jpg,left,0,Benign,320,240,1
IIR0113,/content/dataset/Breast Thermography/Benign/IIR0113/IIR0113_oblright.jpg,right,0,Benign,320,240,1
IIR0075,/content/dataset/Breast Thermography/Benign/IIR0075/IIR0075_oblright.jpg,right,0,Benign,320,240,3
IIR0075,/content/dataset/Breast Thermography/Benign/IIR0075/IIR0075_oblleft.jpg,left,0,Benign,320,240,3
IIR0075,/content/dataset/Breast Thermography/Benign/IIR0075/IIR0075_anterior.jpg,anterior,0,Benign,320,240,3
IIR0045,/content/dataset/Breast Thermography/Benign/IIR0045/IIR0045_oblleft.jpg,left,0,Benign,320,240,4
IIR0045,/content/dataset/Breast Thermography/Benign/IIR0045/IIR0045_oblright.jpg,right,0,Benign,320,240,4
IIR0045,/content/dataset/Breast Thermography/Benign/IIR0045/IIR0045_anterior.jpg,anterior,0,Benign,320,240,4
IIR0049,/content/dataset/Breast Thermography/Benign/IIR0049/IIR0049_oblright.jpg,right,0,Benign,320,240,3
IIR0049,/content/dataset/Breast Thermography/Benign/IIR0049/IIR0049_oblleft.jpg,left,0,Benign,320,240,3
IIR0049,/content/dataset/Breast Thermography/Benign/IIR0049/IIR0049_anterior.jpg,anterior,0,Benign,320,240,3
IIR0021,/content/dataset/Breast Thermography/Benign/IIR0021/IIR0021_anterior.jpg,anterior,0,Benign,320,240,0
IIR0021,/content/dataset/Breast Thermography/Benign/IIR0021/IIR0021_oblleft.jpg,left,0,Benign,320,240,0
IIR0021,/content/dataset/Breast Thermography/Benign/IIR0021/IIR0021_oblright.jpg,right,0,Benign,320,240,0
IIR0083,/content/dataset/Breast Thermography/Benign/IIR0083/IIR0083_oblleft.jpg,left,0,Benign,320,240,4
IIR0083,/content/dataset/Breast Thermography/Benign/IIR0083/IIR0083_anterior.jpg,anterior,0,Benign,320,240,4
IIR0083,/content/dataset/Breast Thermography/Benign/IIR0083/IIR0083_oblright.jpg,right,0,Benign,320,240,4
IIR0016,/content/dataset/Breast Thermography/Benign/IIR0016/IIR0016_oblleft.jpg,left,0,Benign,320,240,0
IIR0016,/content/dataset/Breast Thermography/Benign/IIR0016/IIR0016_anterior.jpg,anterior,0,Benign,320,240,0
IIR0016,/content/dataset/Breast Thermography/Benign/IIR0016/IIR0016_oblright.jpg,right,0,Benign,320,240,0
IIR0073,/content/dataset/Breast Thermography/Benign/IIR0073/IIR0073_oblleft.jpg,left,0,Benign,320,240,1
IIR0073,/content/dataset/Breast Thermography/Benign/IIR0073/IIR0073_oblright.jpg,right,0,Benign,320,240,1
IIR0073,/content/dataset/Breast Thermography/Benign/IIR0073/IIR0073_anterior.jpg,anterior,0,Benign,320,240,1
IIR0092,/content/dataset/Breast Thermography/Benign/IIR0092/IIR0092_oblleft.jpg,left,0,Benign,320,240,1
IIR0092,/content/dataset/Breast Thermography/Benign/IIR0092/IIR0092_oblright.jpg,right,0,Benign,320,240,1
IIR0092,/content/dataset/Breast Thermography/Benign/IIR0092/IIR0092_anterior.jpg,anterior,0,Benign,320,240,1
IIR0026,/content/dataset/Breast Thermography/Benign/IIR0026/IIR0026_anterior.jpg,anterior,0,Benign,320,240,0
IIR0026,/content/dataset/Breast Thermography/Benign/IIR0026/IIR0026_oblright.jpg,right,0,Benign,320,240,0
IIR0026,/content/dataset/Breast Thermography/Benign/IIR0026/IIR0026_oblleft.jpg,left,0,Benign,320,240,0
IIR0047,/content/dataset/Breast Thermography/Benign/IIR0047/IIR0047_oblleft.jpg,left,0,Benign,320,240,1
IIR0047,/content/dataset/Breast Thermography/Benign/IIR0047/IIR0047_oblright.jpg,right,0,Benign,320,240,1
IIR0047,/content/dataset/Breast Thermography/Benign/IIR0047/IIR0047_anterior.jpg,anterior,0,Benign,320,240,1
IIR0116,/content/dataset/Breast Thermography/Benign/IIR0116/IIR0116_oblright.jpg,right,0,Benign,320,240,0
IIR0116,/content/dataset/Breast Thermography/Benign/IIR0116/IIR0116_anterior.jpg,anterior,0,Benign,320,240,0
IIR0116,/content/dataset/Breast Thermography/Benign/IIR0116/IIR0116_oblleft.jpg,left,0,Benign,320,240,0
IIR0037,/content/dataset/Breast Thermography/Benign/IIR0037/IIR0037_anterior.jpg,anterior,0,Benign,320,240,0
IIR0037,/content/dataset/Breast Thermography/Benign/IIR0037/IIR0037_oblright.jpg,right,0,Benign,320,240,0
IIR0037,/content/dataset/Breast Thermography/Benign/IIR0037/IIR0037_oblleft.jpg,left,0,Benign,320,240,0
IIR0033,/content/dataset/Breast Thermography/Benign/IIR0033/IIR0033_anterior.jpg,anterior,0,Benign,320,240,2
IIR0033,/content/dataset/Breast Thermography/Benign/IIR0033/IIR0033_oblleft.jpg,left,0,Benign,320,240,2
IIR0033,/content/dataset/Breast Thermography/Benign/IIR0033/IIR0033_oblright.jpg,right,0,Benign,320,240,2
IIR0012,/content/dataset/Breast Thermography/Benign/IIR0012/IIR0012_anterior.jpg,anterior,0,Benign,320,240,0
IIR0012,/content/dataset/Breast Thermography/Benign/IIR0012/IIR0012_oblleft.jpg,left,0,Benign,320,240,0
IIR0012,/content/dataset/Breast Thermography/Benign/IIR0012/IIR0012_oblright.jpg,right,0,Benign,320,240,0
IIR0034,/content/dataset/Breast Thermography/Benign/IIR0034/IIR0034_oblright.jpg,right,0,Benign,320,240,1
IIR0034,/content/dataset/Breast Thermography/Benign/IIR0034/IIR0034_oblleft.jpg,left,0,Benign,320,240,1
IIR0034,/content/dataset/Breast Thermography/Benign/IIR0034/IIR0034_anterior.jpg,anterior,0,Benign,320,240,1
IIR0060,/content/dataset/Breast Thermography/Benign/IIR0060/IIR0060_oblleft.jpg,left,0,Benign,320,240,1
IIR0060,/content/dataset/Breast Thermography/Benign/IIR0060/IIR0060_anterior.jpg,anterior,0,Benign,320,240,1
IIR0060,/content/dataset/Breast Thermography/Benign/IIR0060/IIR0060_oblright.jpg,right,0,Benign,320,240,1
IIR0028,/content/dataset/Breast Thermography/Benign/IIR0028/IIR0028_anterior.jpg,anterior,0,Benign,320,240,4
IIR0028,/content/dataset/Breast Thermography/Benign/IIR0028/IIR0028_oblright.jpg,right,0,Benign,320,240,4
IIR0028,/content/dataset/Breast Thermography/Benign/IIR0028/IIR0028_oblleft.jpg,left,0,Benign,320,240,4
IIR0025,/content/dataset/Breast Thermography/Benign/IIR0025/IIR0025_oblright.jpg,right,0,Benign,320,240,4
IIR0025,/content/dataset/Breast Thermography/Benign/IIR0025/IIR0025_anterior.jpg,anterior,0,Benign,320,240,4
IIR0025,/content/dataset/Breast Thermography/Benign/IIR0025/IIR0025_oblleft.jpg,left,0,Benign,320,240,4
IIR0044,/content/dataset/Breast Thermography/Benign/IIR0044/IIR0044_oblleft.jpg,left,0,Benign,320,240,3
IIR0044,/content/dataset/Breast Thermography/Benign/IIR0044/IIR0044_oblright.jpg,right,0,Benign,320,240,3
IIR0044,/content/dataset/Breast Thermography/Benign/IIR0044/IIR0044_anterior.jpg,anterior,0,Benign,320,240,3
IIR0030,/content/dataset/Breast Thermography/Malignant/IIR0030/IIR0030_anterior.jpg,anterior,1,Malignant,320,240,3
IIR0030,/content/dataset/Breast Thermography/Malignant/IIR0030/IIR0030_oblleft.jpg,left,1,Malignant,320,240,3
IIR0030,/content/dataset/Breast Thermography/Malignant/IIR0030/IIR0030_oblright.jpg,right,1,Malignant,320,240,3
IIR0062,/content/dataset/Breast Thermography/Malignant/IIR0062/IIR0062_oblleft.jpg,left,1,Malignant,320,240,2
IIR0062,/content/dataset/Breast Thermography/Malignant/IIR0062/IIR0062_anterior.jpg,anterior,1,Malignant,320,240,2
IIR0062,/content/dataset/Breast Thermography/Malignant/IIR0062/IIR0062_oblright.jpg,right,1,Malignant,320,240,2
IIR0043,/content/dataset/Breast Thermography/Malignant/IIR0043/IIR0043_anterior.jpg,anterior,1,Malignant,320,240,1
IIR0043,/content/dataset/Breast Thermography/Malignant/IIR0043/IIR0043_oblright.jpg,right,1,Malignant,320,240,1
IIR0043,/content/dataset/Breast Thermography/Malignant/IIR0043/IIR0043_oblleft.jpg,left,1,Malignant,320,240,1
IIR0038,/content/dataset/Breast Thermography/Malignant/IIR0038/IIR0038_anterior.jpg,anterior,1,Malignant,320,240,2
IIR0038,/content/dataset/Breast Thermography/Malignant/IIR0038/IIR0038_oblright.jpg,right,1,Malignant,320,240,2
IIR0038,/content/dataset/Breast Thermography/Malignant/IIR0038/IIR0038_oblleft.jpg,left,1,Malignant,320,240,2
IIR0087,/content/dataset/Breast Thermography/Malignant/IIR0087/IIR0087_anterior.jpg,anterior,1,Malignant,320,240,0
IIR0087,/content/dataset/Breast Thermography/Malignant/IIR0087/IIR0087_oblright.jpg,right,1,Malignant,320,240,0
IIR0087,/content/dataset/Breast Thermography/Malignant/IIR0087/IIR0087_oblleft.jpg,left,1,Malignant,320,240,0
IIR0035,/content/dataset/Breast Thermography/Malignant/IIR0035/IIR0035_oblleft.jpg,left,1,Malignant,320,240,4
IIR0035,/content/dataset/Breast Thermography/Malignant/IIR0035/IIR0035_anterior.jpg,anterior,1,Malignant,320,240,4
IIR0035,/content/dataset/Breast Thermography/Malignant/IIR0035/IIR0035_oblright.jpg,right,1,Malignant,320,240,4
IIR0065,/content/dataset/Breast Thermography/Malignant/IIR0065/IIR0065_oblright.jpg,right,1,Malignant,320,240,1
IIR0065,/content/dataset/Breast Thermography/Malignant/IIR0065/IIR0065_oblleft.jpg,left,1,Malignant,320,240,1
IIR0065,/content/dataset/Breast Thermography/Malignant/IIR0065/IIR0065_anterior.jpg,anterior,1,Malignant,320,240,1
IIR0048,/content/dataset/Breast Thermography/Malignant/IIR0048/IIR0048_oblright.jpg,right,1,Malignant,320,240,2
IIR0048,/content/dataset/Breast Thermography/Malignant/IIR0048/IIR0048_oblleft.jpg,left,1,Malignant,320,240,2
IIR0048,/content/dataset/Breast Thermography/Malignant/IIR0048/IIR0048_anterior.jpg,anterior,1,Malignant,320,240,2
IIR0085,/content/dataset/Breast Thermography/Malignant/IIR0085/IIR0085_oblleft.jpg,left,1,Malignant,320,240,3
IIR0085,/content/dataset/Breast Thermography/Malignant/IIR0085/IIR0085_oblright.jpg,right,1,Malignant,320,240,3
IIR0085,/content/dataset/Breast Thermography/Malignant/IIR0085/IIR0085_anterior.jpg,anterior,1,Malignant,320,240,3
IIR0069,/content/dataset/Breast Thermography/Malignant/IIR0069/IIR0069_oblright.jpg,right,1,Malignant,320,240,3
IIR0069,/content/dataset/Breast Thermography/Malignant/IIR0069/IIR0069_oblleft.jpg,left,1,Malignant,320,240,3
IIR0069,/content/dataset/Breast Thermography/Malignant/IIR0069/IIR0069_anterior.jpg,anterior,1,Malignant,320,240,3
IIR0081,/content/dataset/Breast Thermography/Malignant/IIR0081/IIR0081_oblright.jpg,right,1,Malignant,320,240,0
IIR0081,/content/dataset/Breast Thermography/Malignant/IIR0081/IIR0081_anterior.jpg,anterior,1,Malignant,320,240,0
IIR0081,/content/dataset/Breast Thermography/Malignant/IIR0081/IIR0081_oblleft.jpg,left,1,Malignant,320,240,0
IIR0084,/content/dataset/Breast Thermography/Malignant/IIR0084/IIR0084_anterior.jpg,anterior,1,Malignant,320,240,1
IIR0084,/content/dataset/Breast Thermography/Malignant/IIR0084/IIR0084_oblleft.jpg,left,1,Malignant,320,240,1
IIR0084,/content/dataset/Breast Thermography/Malignant/IIR0084/IIR0084_oblright.jpg,right,1,Malignant,320,240,1
IIR0036,/content/dataset/Breast Thermography/Malignant/IIR0036/IIR0036_oblleft.jpg,left,1,Malignant,320,240,1
IIR0036,/content/dataset/Breast Thermography/Malignant/IIR0036/IIR0036_oblright.jpg,right,1,Malignant,320,240,1
IIR0036,/content/dataset/Breast Thermography/Malignant/IIR0036/IIR0036_anterior.jpg,anterior,1,Malignant,320,240,1
IIR0024,/content/dataset/Breast Thermography/Malignant/IIR0024/IIR0024_oblleft.jpg,left,1,Malignant,320,240,3
IIR0024,/content/dataset/Breast Thermography/Malignant/IIR0024/IIR0024_oblright.jpg,right,1,Malignant,320,240,3
IIR0024,/content/dataset/Breast Thermography/Malignant/IIR0024/IIR0024_anterior.jpg,anterior,1,Malignant,320,240,3
IIR0071,/content/dataset/Breast Thermography/Malignant/IIR0071/IIR0071_anterior.jpg,anterior,1,Malignant,320,240,0
IIR0071,/content/dataset/Breast Thermography/Malignant/IIR0071/IIR0071_oblright.jpg,right,1,Malignant,320,240,0
IIR0071,/content/dataset/Breast Thermography/Malignant/IIR0071/IIR0071_oblleft.jpg,left,1,Malignant,320,240,0
IIR0097,/content/dataset/Breast Thermography/Malignant/IIR0097/IIR0097_oblleft.jpg,left,1,Malignant,320,240,1
IIR0097,/content/dataset/Breast Thermography/Malignant/IIR0097/IIR0097_oblright.jpg,right,1,Malignant,320,240,1
IIR0097,/content/dataset/Breast Thermography/Malignant/IIR0097/IIR0097_anterior.jpg,anterior,1,Malignant,320,240,1
IIR0119,/content/dataset/Breast Thermography/Malignant/IIR0119/IIR0119_anterior.jpg,anterior,1,Malignant,320,240,2
IIR0119,/content/dataset/Breast Thermography/Malignant/IIR0119/IIR0119_oblright.jpg,right,1,Malignant,320,240,2
IIR0119,/content/dataset/Breast Thermography/Malignant/IIR0119/IIR0119_oblleft.jpg,left,1,Malignant,320,240,2
IIR0096,/content/dataset/Breast Thermography/Malignant/IIR0096/IIR0096_oblright.jpg,right,1,Malignant,320,240,0
IIR0096,/content/dataset/Breast Thermography/Malignant/IIR0096/IIR0096_oblleft.jpg,left,1,Malignant,320,240,0
IIR0096,/content/dataset/Breast Thermography/Malignant/IIR0096/IIR0096_anterior.jpg,anterior,1,Malignant,320,240,0
IIR0059,/content/dataset/Breast Thermography/Malignant/IIR0059/IIR0059_anterior.jpg,anterior,1,Malignant,320,240,4
IIR0059,/content/dataset/Breast Thermography/Malignant/IIR0059/IIR0059_oblleft.jpg,left,1,Malignant,320,240,4
IIR0059,/content/dataset/Breast Thermography/Malignant/IIR0059/IIR0059_oblright.jpg,right,1,Malignant,320,240,4
IIR0102,/content/dataset/Breast Thermography/Malignant/IIR0102/IIR0102_oblleft.jpg,left,1,Malignant,320,240,1
IIR0102,/content/dataset/Breast Thermography/Malignant/IIR0102/IIR0102_anterior.jpg,anterior,1,Malignant,320,240,1
IIR0102,/content/dataset/Breast Thermography/Malignant/IIR0102/IIR0102_oblright.jpg,right,1,Malignant,320,240,1
IIR0100,/content/dataset/Breast Thermography/Malignant/IIR0100/IIR0100_oblright.jpg,right,1,Malignant,320,240,4
IIR0100,/content/dataset/Breast Thermography/Malignant/IIR0100/IIR0100_oblleft.jpg,left,1,Malignant,320,240,4
IIR0100,/content/dataset/Breast Thermography/Malignant/IIR0100/IIR0100_anterior.jpg,anterior,1,Malignant,320,240,4
IIR0104,/content/dataset/Breast Thermography/Malignant/IIR0104/IIR0104_oblleft.jpg,left,1,Malignant,320,240,3
IIR0104,/content/dataset/Breast Thermography/Malignant/IIR0104/IIR0104_anterior.jpg,anterior,1,Malignant,320,240,3
IIR0104,/content/dataset/Breast Thermography/Malignant/IIR0104/IIR0104_oblright.jpg,right,1,Malignant,320,240,3
IIR0072,/content/dataset/Breast Thermography/Malignant/IIR0072/IIR0072_anterior.jpg,anterior,1,Malignant,320,240,4
IIR0072,/content/dataset/Breast Thermography/Malignant/IIR0072/IIR0072_oblright.jpg,right,1,Malignant,320,240,4
IIR0072,/content/dataset/Breast Thermography/Malignant/IIR0072/IIR0072_oblleft.jpg,left,1,Malignant,320,240,4
IIR0063,/content/dataset/Breast Thermography/Malignant/IIR0063/IIR0063_anterior.jpg,anterior,1,Malignant,320,240,3
IIR0063,/content/dataset/Breast Thermography/Malignant/IIR0063/IIR0063_oblright.jpg,right,1,Malignant,320,240,3
IIR0063,/content/dataset/Breast Thermography/Malignant/IIR0063/IIR0063_oblleft.jpg,left,1,Malignant,320,240,3
IIR0098,/content/dataset/Breast Thermography/Malignant/IIR0098/IIR0098_oblright.jpg,right,1,Malignant,320,240,2
IIR0098,/content/dataset/Breast Thermography/Malignant/IIR0098/IIR0098_anterior.jpg,anterior,1,Malignant,320,240,2
IIR0098,/content/dataset/Breast Thermography/Malignant/IIR0098/IIR0098_oblleft.jpg,left,1,Malignant,320,240,2
IIR0086,/content/dataset/Breast Thermography/Malignant/IIR0086/IIR0086_oblright.jpg,right,1,Malignant,320,240,1
IIR0086,/content/dataset/Breast Thermography/Malignant/IIR0086/IIR0086_oblleft.jpg,left,1,Malignant,320,240,1
IIR0086,/content/dataset/Breast Thermography/Malignant/IIR0086/IIR0086_anterior.jpg,anterior,1,Malignant,320,240,1
IIR0052,/content/dataset/Breast Thermography/Malignant/IIR0052/IIR0052_anterior.jpg,anterior,1,Malignant,320,240,4
IIR0052,/content/dataset/Breast Thermography/Malignant/IIR0052/IIR0052_oblright.jpg,right,1,Malignant,320,240,4
IIR0052,/content/dataset/Breast Thermography/Malignant/IIR0052/IIR0052_oblleft.jpg,left,1,Malignant,320,240,4
IIR0046,/content/dataset/Breast Thermography/Malignant/IIR0046/IIR0046_oblleft.jpg,left,1,Malignant,320,240,0
IIR0046,/content/dataset/Breast Thermography/Malignant/IIR0046/IIR0046_anterior.jpg,anterior,1,Malignant,320,240,0
IIR0046,/content/dataset/Breast Thermography/Malignant/IIR0046/IIR0046_oblright.jpg,right,1,Malignant,320,240,0
IIR0093,/content/dataset/Breast Thermography/Malignant/IIR0093/IIR0093_anterior.jpg,anterior,1,Malignant,320,240,2
IIR0093,/content/dataset/Breast Thermography/Malignant/IIR0093/IIR0093_oblleft.jpg,left,1,Malignant,320,240,2
IIR0093,/content/dataset/Breast Thermography/Malignant/IIR0093/IIR0093_oblright.jpg,right,1,Malignant,320,240,2
IIR0050,/content/dataset/Breast Thermography/Malignant/IIR0050/IIR0050_oblright.jpg,right,1,Malignant,320,240,4
IIR0050,/content/dataset/Breast Thermography/Malignant/IIR0050/IIR0050_oblleft.jpg,left,1,Malignant,320,240,4
IIR0050,/content/dataset/Breast Thermography/Malignant/IIR0050/IIR0050_anterior.jpg,anterior,1,Malignant,320,240,4
IIR0019,/content/dataset/Breast Thermography/Malignant/IIR0019/IIR0019_oblright.jpg,right,1,Malignant,320,240,3
IIR0019,/content/dataset/Breast Thermography/Malignant/IIR0019/IIR0019_oblleft.jpg,left,1,Malignant,320,240,3
IIR0019,/content/dataset/Breast Thermography/Malignant/IIR0019/IIR0019_anterior.jpg,anterior,1,Malignant,320,240,3
IIR0070,/content/dataset/Breast Thermography/Malignant/IIR0070/IIR0070_oblright.jpg,right,1,Malignant,320,240,4
IIR0070,/content/dataset/Breast Thermography/Malignant/IIR0070/IIR0070_oblleft.jpg,left,1,Malignant,320,240,4
IIR0070,/content/dataset/Breast Thermography/Malignant/IIR0070/IIR0070_anterior.jpg,anterior,1,Malignant,320,240,4
IIR0101,/content/dataset/Breast Thermography/Malignant/IIR0101/IIR0101_anterior.jpg,anterior,1,Malignant,320,240,0
IIR0101,/content/dataset/Breast Thermography/Malignant/IIR0101/IIR0101_oblleft.jpg,left,1,Malignant,320,240,0
IIR0101,/content/dataset/Breast Thermography/Malignant/IIR0101/IIR0101_oblright.jpg,right,1,Malignant,320,240,0
IIR0056,/content/dataset/Breast Thermography/Malignant/IIR0056/IIR0056_oblleft.jpg,left,1,Malignant,320,240,0
IIR0056,/content/dataset/Breast Thermography/Malignant/IIR0056/IIR0056_anterior.jpg,anterior,1,Malignant,320,240,0
IIR0056,/content/dataset/Breast Thermography/Malignant/IIR0056/IIR0056_oblright.jpg,right,1,Malignant,320,240,0
IIR0089,/content/dataset/Breast Thermography/Malignant/IIR0089/IIR0089_anterior.jpg,anterior,1,Malignant,320,240,4
IIR0089,/content/dataset/Breast Thermography/Malignant/IIR0089/IIR0089_oblleft.jpg,left,1,Malignant,320,240,4
IIR0089,/content/dataset/Breast Thermography/Malignant/IIR0089/IIR0089_oblright.jpg,right,1,Malignant,320,240,4
