patient_id,fold,true_label,true_label_name,predicted_label,predicted_label_name,probability_sick
49,1,0,Healthy,0,Healthy,0.049792480420413565
55,1,0,Healthy,0,Healthy,0.0007848839230891181
750,1,0,Healthy,0,Healthy,0.003058420679214151
800,1,0,Healthy,0,Healthy,0.1187837844950704
179,1,1,Sick,0,Healthy,0.14960248060249676
209,1,1,Sick,1,Sick,0.9342468825516752
240,1,1,Sick,1,Sick,0.9914465500947856
255,1,1,Sick,0,Healthy,0.16395573716828105
257,1,1,Sick,1,Sick,0.9787809289260134
264,1,1,Sick,1,Sick,0.9975273401439658
286,1,1,Sick,1,Sick,0.9994204746635754
500,1,1,Sick,1,Sick,0.9999993148351014
50,2,0,Healthy,0,Healthy,0.0718039067811627
68,2,0,Healthy,0,Healthy,0.03809924457409999
108,2,0,Healthy,1,Sick,0.9614399139544124
900,2,0,Healthy,0,Healthy,0.0027690925767248696
180,2,1,Sick,0,Healthy,0.3571322598834162
210,2,1,Sick,1,Sick,0.9950893071145609
251,2,1,Sick,1,Sick,0.9835421413748328
263,2,1,Sick,1,Sick,0.9994356148368332
283,2,1,Sick,1,Sick,0.9884953988100624
650,2,1,Sick,1,Sick,0.999999993200164
700,2,1,Sick,1,Sick,0.999756173871744
1050,2,1,Sick,1,Sick,0.9996595773776635
42,3,0,Healthy,0,Healthy,0.20038559847831816
64,3,0,Healthy,0,Healthy,0.019848281518108035
220,3,0,Healthy,0,Healthy,3.324106893683026e-05
1000,3,0,Healthy,0,Healthy,0.00011728768467768123
202,3,1,Sick,1,Sick,0.9999971143298809
241,3,1,Sick,1,Sick,0.9999999999989533
245,3,1,Sick,1,Sick,0.9998951260178709
249,3,1,Sick,0,Healthy,0.24714334386672307
259,3,1,Sick,1,Sick,0.9999779024232601
282,3,1,Sick,1,Sick,0.9988072283446666
450,3,1,Sick,1,Sick,0.8782671120084361
51,4,0,Healthy,0,Healthy,0.012602288115186764
66,4,0,Healthy,0,Healthy,0.019847613819442635
137,4,0,Healthy,0,Healthy,0.004031609127760517
166,4,0,Healthy,0,Healthy,0.0003895968751609054
138,4,1,Sick,1,Sick,0.9417477656589252
198,4,1,Sick,1,Sick,0.7040075909398094
213,4,1,Sick,0,Healthy,0.48383636979716826
261,4,1,Sick,1,Sick,0.9788773326558243
270,4,1,Sick,1,Sick,0.9999982538285148
280,4,1,Sick,1,Sick,0.9993459532969484
550,4,1,Sick,1,Sick,0.9987857178774676
226,5,0,Healthy,0,Healthy,0.0016980517244880075
850,5,0,Healthy,0,Healthy,0.01532422585271087
950,5,0,Healthy,0,Healthy,0.0015251534817431567
181,5,1,Sick,1,Sick,0.92340796930842
192,5,1,Sick,1,Sick,0.9988417300281115
204,5,1,Sick,1,Sick,0.9999718883827068
250,5,1,Sick,1,Sick,0.9924629277217374
256,5,1,Sick,1,Sick,0.9999998678786092
400,5,1,Sick,1,Sick,0.9993403169726373
600,5,1,Sick,1,Sick,0.9991925120628808
