patient_id,label,label_name,fold
49,0,Healthy,1
55,0,Healthy,1
750,0,Healthy,1
800,0,Healthy,1
179,1,Sick,1
209,1,Sick,1
240,1,Sick,1
255,1,Sick,1
257,1,Sick,1
264,1,Sick,1
286,1,Sick,1
500,1,Sick,1
50,0,Healthy,2
68,0,Healthy,2
108,0,Healthy,2
900,0,Healthy,2
180,1,Sick,2
210,1,Sick,2
251,1,Sick,2
263,1,Sick,2
283,1,Sick,2
650,1,Sick,2
700,1,Sick,2
1050,1,Sick,2
42,0,Healthy,3
64,0,Healthy,3
220,0,Healthy,3
1000,0,Healthy,3
202,1,Sick,3
241,1,Sick,3
245,1,Sick,3
249,1,Sick,3
259,1,Sick,3
282,1,Sick,3
450,1,Sick,3
51,0,Healthy,4
66,0,Healthy,4
137,0,Healthy,4
166,0,Healthy,4
138,1,Sick,4
198,1,Sick,4
213,1,Sick,4
261,1,Sick,4
270,1,Sick,4
280,1,Sick,4
550,1,Sick,4
226,0,Healthy,5
850,0,Healthy,5
950,0,Healthy,5
181,1,Sick,5
192,1,Sick,5
204,1,Sick,5
250,1,Sick,5
256,1,Sick,5
400,1,Sick,5
600,1,Sick,5
