patient_id,label,label_name,fold,sequence_suffix,roi_percentage_mean,roi_percentage_std,roi_percentage_min,roi_percentage_max,roi_percentage_slope,mean_mean,mean_std,mean_min,mean_max,mean_slope,median_mean,median_std,median_min,median_max,median_slope,std_mean,std_std,std_min,std_max,std_slope,min_mean,min_std,min_min,min_max,min_slope,max_mean,max_std,max_min,max_max,max_slope,p10_mean,p10_std,p10_min,p10_max,p10_slope,p25_mean,p25_std,p25_min,p25_max,p25_slope,p75_mean,p75_std,p75_min,p75_max,p75_slope,p90_mean,p90_std,p90_min,p90_max,p90_slope,iqr_mean,iqr_std,iqr_min,iqr_max,iqr_slope,intensity_range_mean,intensity_range_std,intensity_range_min,intensity_range_max,intensity_range_slope,coefficient_variation_mean,coefficient_variation_std,coefficient_variation_min,coefficient_variation_max,coefficient_variation_slope,bbox_width_mean,bbox_width_std,bbox_width_min,bbox_width_max,bbox_width_slope,bbox_height_mean,bbox_height_std,bbox_height_min,bbox_height_max,bbox_height_slope
49,0,Healthy,1,dir,18.698323567708332,0.4409616021840739,18.009114583333332,19.566080729166664,-0.05291231007205506,163.9239814758301,1.2498173767519154,161.58966064453125,166.55894470214844,-0.1083498044121525,163.9,1.3,162.0,166.0,-0.05263157894737014,25.49101495742798,0.44831531066494607,24.821603775024414,26.382347106933594,0.07298759087584039,2.0,0.0,2.0,2.0,5.799611900875697e-18,233.0,1.0,232.0,236.0,-0.07067669172932034,130.6,2.177154105707724,127.0,135.0,-0.33383458646616565,142.4,1.3190905958272918,140.0,145.0,-0.13533834586466023,184.8,1.5033296378372907,182.0,188.0,-0.10827067669172422,194.55,1.243985530462473,193.0,197.0,0.005263157894739602,42.4,0.48989794855663565,42.0,43.0,0.027067669172932105,231.0,1.0,230.0,234.0,-0.07067669172932683,0.1555212294392257,0.003320837561981071,0.14972646505137094,0.16002139793944173,0.0005463537032617682,220.9,3.419064199455751,215.0,226.0,-0.48872180451127917,318.05,3.1220986531498327,313.0,324.0,-0.27293233082706536
55,0,Healthy,1,dir,8.226090494791666,0.3886018227515541,7.512044270833333,8.957682291666668,0.01075858591791981,139.1480941772461,2.148486253556406,133.36561584472656,142.67266845703125,-0.25672430741159485,141.2,2.0880613017821097,135.0,144.0,-0.20601503759398246,25.131298732757568,0.7309227434968485,23.488977432250977,26.156417846679688,0.025202713873153083,1.0,0.0,1.0,1.0,2.8998059504378483e-18,198.9,6.6550732527899354,188.0,219.0,-0.3248120300751899,110.35,2.329699551444349,105.0,114.0,-0.3842105263157874,122.6,1.8275666882497066,118.0,125.0,-0.2812030075187981,156.6,2.2891046284519194,150.0,160.0,-0.21654135338345817,169.4,3.136877428271624,163.0,175.0,-0.23157894736842247,34.0,1.4142135623730951,31.0,36.0,0.06466165413533813,197.9,6.6550732527899354,187.0,218.0,-0.3248120300751863,0.1806118853903329,0.004605161240256364,0.1695689955723382,0.18802792074555358,0.0005193159422065835,174.95,5.652211956393709,162.0,185.0,-0.2233082706766929,193.25,6.114531870879405,185.0,207.0,0.31503759398496134
750,0,Healthy,1,dir,15.363248697916665,0.3021811999812995,14.722981770833332,15.861328124999998,0.007500195802005092,136.32051696777344,1.4842645864721522,133.04013061523438,138.47573852539062,-0.13075940124970498,137.65,1.49248115565993,135.0,140.0,-0.10902255639097766,14.49554409980774,0.24482078600556575,14.026082038879395,15.053827285766602,-0.014406873229751179,83.8,4.985980344927164,77.0,97.0,0.0075187969924809285,218.1,6.992138442565336,200.0,229.0,-0.23007518796992202,116.5,1.5968719422671311,113.0,119.0,-0.15789473684210742,126.2,1.4,123.0,128.0,-0.10676691729323505,145.65,1.49248115565993,143.0,148.0,-0.10902255639097852,152.15,1.7684739183827394,148.0,155.0,-0.16917293233082834,19.45,0.49749371855331004,19.0,20.0,-0.00225563909774431,134.3,7.036334272900912,116.0,143.0,-0.23759398496240583,0.10633431018413145,0.0013703512228224895,0.10382835089796649,0.10970762077103852,-3.90031100889375e-06,241.15,2.4140215409146624,237.0,246.0,0.16616541353383107,283.8,3.54400902933387,276.0,291.0,0.0330827067669164
800,0,Healthy,1,dir,12.781022135416668,0.49927687912629914,11.876953125,14.193684895833334,-0.02350554119674187,139.81612854003907,3.2732730339095895,129.94744873046875,142.470947265625,0.407664019362371,138.15,2.920188350089768,129.0,141.0,0.3060150375939875,26.018304443359376,0.455500895350998,25.179515838623047,26.765878677368164,0.014100090543130182,1.0,0.0,1.0,1.0,2.8998059504378483e-18,237.95,4.944441323344832,231.0,249.0,0.5240601503759407,113.1,3.462657938636157,103.0,116.0,0.45714285714285846,121.95,3.185514087239295,112.0,124.0,0.38120300751879566,155.65,3.7319565913874193,144.0,159.0,0.43533834586466047,172.45,3.7479994663820317,162.0,176.0,0.47894736842105223,33.7,1.1445523142259597,32.0,35.0,0.05413533834586507,236.95,4.944441323344832,230.0,248.0,0.5240601503759392,0.18617036094781997,0.004641040511035813,0.1781433604285723,0.19743919144561048,-0.0004563597807024136,260.95,4.994747240852133,248.0,268.0,0.513533834586464,269.85,6.310903263400573,262.0,287.0,-0.4639097744360892
179,1,Sick,1,dir,18.795979817708336,0.8369899624830717,16.789713541666668,20.317057291666664,-0.0050392093515036224,141.91950607299805,5.006905933173394,128.4796905517578,148.36570739746094,0.6573462120572433,142.7,5.000999900019995,130.0,149.0,0.6526315789473698,20.142053031921385,0.7784706556268133,18.14276885986328,21.22282600402832,-0.06374063133297105,74.95,30.35864786185314,2.0,91.0,2.87593984962406,226.15,8.350299395830069,207.0,238.0,-0.7781954887218057,115.15,5.189171417480829,102.0,121.0,0.7315789473684198,127.7,5.367494760127857,114.0,134.0,0.7518796992481198,152.95,4.5549423706562955,140.0,159.0,0.5526315789473712,167.85,5.331744555021367,153.0,176.0,0.6338345864661638,25.25,1.3369741957120937,23.0,28.0,-0.199248120300752,151.2,34.028811322172274,119.0,233.0,-3.654135338345861,0.14212204799350808,0.007856318152252649,0.12965564506983276,0.15971133979444052,-0.0011360605869455763,225.05,6.111260099193947,217.0,241.0,0.5872180451127809,347.15,17.97574755051928,335.0,421.0,-0.6729323308270649
209,1,Sick,1,esq,18.46767578125,0.3999171634837117,17.7587890625,19.218098958333332,0.02450266290726847,171.58833541870118,3.0054947482098853,163.13182067871094,174.9063262939453,0.44462912423270085,171.2,3.4,162.0,175.0,0.5052631578947355,17.735745239257813,0.4136804779280756,17.211734771728516,18.59552574157715,-0.059800169521704874,92.85,11.909135149119772,58.0,99.0,1.3030075187969923,247.75,5.356071321407137,237.0,255.0,0.34060150375940057,149.2,3.0919249667480613,141.0,153.0,0.4736842105263158,161.95,3.3834154341434335,153.0,166.0,0.5105263157894735,182.75,3.1284980421921316,174.0,186.0,0.44736842105263214,194.2,1.6911534525287761,189.0,197.0,0.23308270676692003,20.8,0.6782329983125269,20.0,22.0,-0.06315789473684244,154.9,9.7718984849414,144.0,181.0,-0.9624060150375946,0.10343071287406025,0.0041318736969238904,0.09914479737521265,0.11326438893922715,-0.0006259977056463699,252.7,9.072485877641252,243.0,289.0,0.3127819548872235,319.75,20.87791895759728,305.0,409.0,-0.1586466165413554
240,1,Sick,1,dir,11.386604817708335,0.36610651397488037,10.80078125,12.156575520833334,0.004692639802631793,199.46817932128906,3.5003586960902275,193.9797821044922,207.037109375,0.5045645348111484,198.85,4.04073013204297,193.0,207.0,0.5932330827067637,15.535170936584473,0.22664246205910601,15.103367805480957,15.903141021728516,0.0005436588947038059,110.7,21.391820866864045,73.0,143.0,0.35037593984962284,239.2,2.9765752132274432,234.0,247.0,0.2751879699248126,179.7,2.951270912674741,175.0,186.0,0.4090225563909726,188.5,3.570714214271425,183.0,196.0,0.5233082706766914,211.55,3.904804732633887,206.0,220.0,0.5661654135338327,220.35,3.1666228067138023,215.0,228.0,0.4172932330827082,23.05,0.6689544080129826,22.0,24.0,0.04285714285714276,128.5,20.955906088737848,97.0,165.0,-0.07518796992481186,0.07789963383660095,0.0014209303616715312,0.07494463940436455,0.08027690356533153,-0.0001939384663393127,181.8,5.670978751503129,174.0,194.0,0.2255639097744381,229.1,2.791057147390572,225.0,235.0,-0.17293233082706877
255,1,Sick,1,dir,11.497900390625,0.41789636953754256,10.974934895833334,12.468424479166666,0.01566489465852138,170.2139144897461,2.152677638581587,166.35879516601562,175.3220977783203,0.27185687301750333,171.35,2.1971572542719833,168.0,177.0,0.2804511278195487,20.11905469894409,0.6025440079337385,18.968027114868164,21.091901779174805,0.0862134101695583,1.0,0.0,1.0,1.0,2.8998059504378483e-18,231.15,7.016231182052086,216.0,244.0,-0.5526315789473704,153.65,1.878163997099295,150.0,158.0,0.19172932330827114,164.65,2.1742814905158903,161.0,170.0,0.23684210526315788,179.65,2.6320144376503714,175.0,186.0,0.36466165413533747,187.75,3.0475399915341552,182.0,194.0,0.45939849624060236,15.0,0.8944271909999159,14.0,16.0,0.12781954887218044,230.15,7.016231182052086,215.0,243.0,-0.5526315789473719,0.11818799992304499,0.0027867615596329186,0.1128442898771973,0.12216303667178771,0.00031721836448286324,235.05,5.554052574472086,225.0,250.0,0.3406015037593995,243.5,5.152669211195301,235.0,254.0,0.10075187969924693
257,1,Sick,1,esq,14.435693359375003,0.5917341084167776,13.34765625,15.681966145833334,-0.031173881970551594,192.16280288696288,2.5588284034745805,187.9538116455078,196.262451171875,0.41936648949644795,191.8,2.7856776554368237,187.0,196.0,0.45864661654135325,14.633656883239746,0.5355700095162197,13.751379013061523,15.674906730651855,0.08073329351898398,95.3,14.6904731033415,42.0,113.0,1.0812030075187986,232.85,4.881342028581893,224.0,240.0,0.8142857142857134,173.55,1.8296174463531985,170.0,177.0,0.2518796992481188,182.7,2.2158519806160335,179.0,186.0,0.32180451127819465,202.85,2.8508770580296865,198.0,207.0,0.4729323308270665,210.85,2.9372606285449034,206.0,215.0,0.48646616541353366,20.15,1.3518505834595775,17.0,23.0,0.15112781954887214,137.55,13.200284087852049,122.0,184.0,-0.26691729323308344,0.07613844166063556,0.0021444691740383046,0.07200521057007064,0.08039161037534873,0.00025365544631616337,213.25,5.233306793987908,204.0,226.0,-0.5436090225563893,264.5,7.723341245859851,251.0,284.0,0.1187969924812042
264,1,Sick,1,esq,17.688704427083334,0.7572417153977543,16.217447916666668,18.8720703125,0.11202273261278194,157.75635681152343,4.893157803891243,146.7591094970703,165.1725616455078,0.8255194642490016,155.05,5.705041629997103,142.0,163.0,0.9676691729323287,24.70807981491089,3.1683101959240934,19.912338256835938,32.63895034790039,-0.5185634914197423,72.25,16.863792574625673,32.0,104.0,-0.10601503759398365,248.4,2.0099751242241783,246.0,253.0,-0.24060150375940004,129.775,7.430469366062955,112.0,140.0,1.247744360902254,142.6,7.505997601918083,125.0,153.0,1.2631578947368451,166.75,5.812701609406766,153.0,175.0,0.9751879699248145,187.95,2.5391927851189244,185.0,195.0,-0.2067669172932354,24.15,1.8513508581573617,21.0,28.0,-0.28796992481203,176.15,17.301083781081463,143.0,215.0,-0.13458646616541428,0.1573841619892056,0.02537214403426153,0.12124626452149269,0.22239812206377518,-0.004165727120963795,240.4,7.787168933572714,222.0,252.0,0.8390977443608966,305.15,3.8376425054973526,297.0,314.0,0.43834586466165393
286,1,Sick,1,esq,12.490771484375001,0.35628058579228905,11.9921875,13.441080729166666,-0.01224570214598987,193.09948654174804,4.770723761625296,182.92091369628906,199.12820434570312,0.7922472616783676,189.75,4.61383788185064,180.0,196.0,0.7721804511278192,24.079348278045654,0.30817321161960204,23.138092041015625,24.587751388549805,-0.012434566469120658,91.95,10.141375646331221,68.0,106.0,0.5390977443609035,254.75,1.0897247358851685,250.0,255.0,0.07142857142857255,164.4,5.571355310873648,154.0,172.0,0.9428571428571438,175.05,4.259988262894629,167.0,181.0,0.7165413533834576,209.5,5.044799302251775,199.0,216.0,0.8375939849624064,229.2,5.3065996645686395,216.0,235.0,0.8526315789473689,34.45,0.864580823289529,32.0,35.0,0.12105263157894738,162.8,9.594790253048787,149.0,182.0,-0.46766917293232946,0.12478034201863479,0.003654954708208037,0.11913937407791579,0.13310630270934326,-0.0005802568093725732,189.15,5.091905340832644,182.0,201.0,-0.2864661654135337,247.0,1.51657508881031,245.0,251.0,0.1383458646616578
500,1,Sick,1,dir,19.601985677083338,0.6837285263653802,18.356770833333332,20.911783854166664,0.030504483865914613,184.04485015869142,8.69096084845553,164.30441284179688,195.06533813476562,1.4535045881916702,182.6,8.674099376880577,163.0,194.0,1.460150375939846,18.157695293426514,1.2244648706061274,16.645166397094727,20.339134216308594,0.20416347962573053,100.15,8.956980518009402,81.0,115.0,0.5902255639097757,232.75,9.949246202602486,213.0,247.0,1.6879699248120308,161.95,7.908697743623788,142.0,170.0,1.2654135338345873,171.25,8.251515012408328,152.0,181.0,1.3736842105263154,197.85,9.376966460428447,177.0,210.0,1.575187969924811,208.0,9.772410142846033,187.0,221.0,1.6541353383458637,26.6,1.2806248474865698,24.0,29.0,0.20150375939849663,132.6,10.480458005259122,110.0,152.0,1.0977443609022532,0.09860434283320409,0.0033015940599039127,0.09207208429535617,0.10426831548235807,0.00031650794291847724,259.55,6.312487623750243,249.0,273.0,-0.3105263157894721,287.9,6.707458535093601,278.0,302.0,0.6075187969924792
50,0,Healthy,2,dir,15.1849609375,0.9513953607962486,12.184244791666666,16.5048828125,0.0907899631892231,161.4197853088379,0.8918342854645225,159.90574645996094,163.33248901367188,-0.08350783039752341,163.55,0.9205976319760986,162.0,165.0,-0.03834586466165352,19.32559871673584,0.7441047719966052,17.492082595825195,20.381357192993164,0.09473305608993193,1.05,0.21794494717703372,1.0,2.0,-0.006766917293233069,223.75,2.321098877687032,221.0,232.0,-0.17067669172932098,137.8,2.2715633383201093,135.0,143.0,-0.36541353383458713,147.85,1.194780314534852,146.0,150.0,-0.16917293233082925,176.05,0.9205976319760985,174.0,178.0,0.005263157894738124,182.8,1.077032961426901,180.0,185.0,0.1007518796992478,28.2,1.2489995996796797,24.0,30.0,0.17443609022556444,222.7,2.1470910553583886,220.0,230.0,-0.16390977443608712,0.11973673595897294,0.004904657274500084,0.10772032744181012,0.12590830668360636,0.000646853651023971,202.95,6.216711349258545,191.0,216.0,0.014285714285712278,278.6,16.67752979310785,230.0,296.0,1.8706766917293254
68,0,Healthy,2,dir,10.628304036458335,0.37805578510845195,9.9072265625,11.361328125,0.0014604382048873951,154.21705856323243,0.8819295897776134,152.46133422851562,156.025390625,0.09649776372694129,156.55,0.6689544080129827,155.0,158.0,0.024812030075188625,21.843158340454103,0.3565132680682543,21.154354095458984,22.31442642211914,-0.018823001259251113,1.0,0.0,1.0,1.0,2.8998059504378483e-18,205.05,1.6874537030686203,202.0,209.0,-0.20375939849624017,125.65,0.7921489758877429,124.0,127.0,0.08496240601503728,143.05,1.395528573695286,140.0,146.0,0.19022556390977194,169.0,1.140175425099138,167.0,171.0,0.09774436090225022,178.45,1.116915395184434,177.0,181.0,0.1270676691729338,25.95,0.9205976319760986,24.0,27.0,-0.09248120300751864,204.05,1.6874537030686203,201.0,208.0,-0.20375939849623947,0.14164407160539164,0.0024698848039702765,0.13607167955369465,0.14546587491403598,-0.00021162484175590708,187.25,4.515251930955791,175.0,193.0,0.11503759398496093,214.15,6.44418342383269,203.0,226.0,0.23082706766917716
108,0,Healthy,2,dir,13.294287109375,0.16732810931897785,12.815429687499998,13.773763020833332,0.003444402020676685,175.53857192993163,1.4384443231823023,172.72105407714844,177.6717987060547,0.2169731771139282,172.8,1.568438714135812,170.0,175.0,0.2451127819548856,17.297538852691652,0.390681639497309,16.580814361572266,18.08116912841797,0.03558881802666442,78.1,9.7205966895042,58.0,97.0,0.1323308270676681,242.5,4.780167361086848,233.0,249.0,-0.03007518796992309,155.0,1.140175425099138,152.0,156.0,0.1383458646616545,164.3,1.2688577540449522,162.0,166.0,0.1909774436090224,186.3,1.6462077633154326,183.0,189.0,0.21353383458646547,200.65,1.7109938632268673,198.0,204.0,0.25488721804511594,22.0,0.8366600265340756,21.0,24.0,0.02255639097744379,164.4,11.324310133513652,144.0,188.0,-0.16240601503759491,0.09853733618691832,0.0019516755805334806,0.09485611447048618,0.10176724308584263,7.980217491666476e-05,200.55,3.2476914878109957,195.0,210.0,-0.12105263157894645,247.15,1.5898113095584645,244.0,251.0,0.03984962406014733
900,0,Healthy,2,dir,14.879003906249997,0.5936046766044357,14.0859375,16.542317708333336,0.04722401707393485,136.03955535888673,2.116894259943674,129.93856811523438,139.26187133789062,0.23081109756813753,137.85,2.535251466817444,131.0,142.0,0.3270676691729306,21.059923362731933,0.5846672228372362,20.173755645751953,22.29334259033203,0.052971809788754015,1.0,0.0,1.0,1.0,2.8998059504378483e-18,188.25,5.998958242895178,180.0,199.0,-0.2593984962406025,113.95,2.8191310718020897,104.0,117.0,0.20676691729323587,121.45,1.961504524593303,115.0,124.0,0.1150375939849621,152.4,2.2,147.0,156.0,0.2676691729323297,160.1,1.8947295321496416,156.0,164.0,0.22406015037594335,30.95,1.4309088021254184,29.0,33.0,0.15263157894736806,187.25,5.998958242895178,179.0,198.0,-0.25939849624060624,0.15483695738194997,0.0047134425967141355,0.14985327825644432,0.16988891869021452,0.00011481012397603404,232.75,7.58864282991366,225.0,257.0,-0.13458646616541486,270.7,9.39734004918413,253.0,292.0,1.2150375939849651
180,1,Sick,2,esq,16.889029947916665,0.5897436231859807,16.021809895833332,17.969401041666664,-0.035542958959900006,161.6182846069336,3.5432030345219405,151.8610382080078,166.0098876953125,0.4329227763011021,157.9,3.7934153476781316,148.0,163.0,0.45413533834586306,39.592428016662595,0.6218998396905692,38.085758209228516,40.45615768432617,-0.013277782354140259,2.0,0.0,2.0,2.0,5.799611900875697e-18,253.7,3.1638584039112745,242.0,255.0,0.3353383458646625,114.7,3.8483762809787714,106.0,120.0,0.3909774436090228,128.35,4.714604967545001,117.0,134.0,0.6127819548872191,192.7,3.272613634390714,183.0,196.0,0.39398496240601494,215.3,2.628687885618983,206.0,218.0,0.2766917293233078,64.35,1.8513508581573617,61.0,68.0,-0.21879699248120427,251.7,3.1638584039112745,240.0,253.0,0.335338345864659,0.245124965632125,0.007703590282102586,0.2311028760777213,0.2608527252667377,-0.0007597519666845003,271.55,3.9048047326338864,265.0,279.0,0.40526315789473505,305.15,4.05308524460071,300.0,313.0,0.03684210526315068
210,1,Sick,2,esq,21.016731770833335,0.32204474424843765,20.197916666666664,21.587565104166668,-0.033457667606516715,177.72467651367188,3.829879087993642,165.76268005371094,181.1619110107422,0.45656974620388885,177.25,3.6996621467371855,166.0,181.0,0.4308270676691721,15.993588018417359,0.6322036698744002,14.660487174987793,16.760408401489258,0.10181901759671098,100.9,1.9723082923316022,94.0,103.0,0.17593984962406042,242.9,6.847627326307997,236.0,255.0,-1.06015037593985,157.8,3.627671429443411,146.0,161.0,0.3744360902255634,167.05,3.0736785778607363,157.0,171.0,0.28947368421052944,187.1,4.437341546466758,174.0,191.0,0.5819548872180483,197.45,4.769433928675393,184.0,201.0,0.6503759398496238,20.05,1.774119499921017,17.0,22.0,0.2924812030075187,142.0,8.160882305241266,135.0,160.0,-1.2360902255639077,0.08996617663274213,0.002150668241764823,0.08646145787381838,0.09382920022534519,0.00034437268927372714,240.7,9.006109037758758,231.0,263.0,-1.2977443609022594,379.2,4.226109321823087,369.0,386.0,-0.2165413533834587
251,1,Sick,2,esq,9.990445963541665,0.2661315331844421,9.483723958333332,10.646158854166666,0.014694206218671702,170.3510772705078,3.967736226715274,163.45767211914062,178.50027465820312,0.29674985498414413,170.3,4.550824101193101,161.0,180.0,0.46616541353383223,13.312308406829834,0.512885893579542,12.11032772064209,14.037202835083008,0.07286586044426241,93.1,10.362914647916385,75.0,112.0,-0.3488721804511284,222.15,5.746955715855135,214.0,236.0,-0.545112781954886,154.65,3.365635155509284,150.0,161.0,0.05187969924812149,161.5,3.7080992435478315,156.0,169.0,0.19699248120300922,177.2875,4.499496499609707,168.0,186.0,0.46146616541353674,187.35,4.464022849403888,179.0,196.0,0.381203007518792,15.7875,1.7052767370723145,12.0,18.0,0.26447368421052664,129.05,10.604126555261399,110.0,150.0,-0.19624060150376085,0.07814004571553365,0.0022087107281931907,0.07408846316993395,0.0822386242494343,0.0002913824365709062,163.9,4.121892769104989,155.0,170.0,0.05563909774435923,222.4,2.8354893757515645,218.0,228.0,0.0721804511278193
263,1,Sick,2,esq,13.85576171875,0.2222370781171354,13.533528645833334,14.457356770833332,-0.02277666823308272,172.46532287597657,5.4842019914091304,160.1452178955078,178.77552795410156,0.8805122088668946,172.35,5.208406666150407,161.0,179.0,0.8503759398496251,18.567027378082276,0.451409640671936,17.7844295501709,19.636306762695312,-0.07034244537353546,120.05,11.262659543820012,91.0,135.0,1.5165413533834593,228.05,5.417333292312741,217.0,243.0,0.6563909774436095,147.6,5.808614292583042,133.0,154.0,0.9097744360902248,158.95,5.8350235646482185,146.0,166.0,0.9511278195488719,185.35,5.227571137727348,174.0,191.0,0.8278195488721831,197.85,5.88451357377991,184.0,204.0,0.9120300751879693,26.4,0.9165151389911679,25.0,28.0,-0.12330827067669176,108.0,9.6850400102426,93.0,131.0,-0.8601503759398493,0.10783822801231438,0.005911028698830533,0.10053157675695375,0.12261562986855898,-0.0009762122570775096,193.85,2.1971572542719833,191.0,199.0,-0.1857142857142877,272.8,1.5999999999999999,270.0,277.0,-0.04812030075188817
283,1,Sick,2,dir,16.980192057291667,0.3763383827169193,16.1806640625,17.846354166666668,-0.0395204319392231,175.34873046875,3.3810537596871755,168.40232849121094,180.03701782226562,0.518695917344631,176.5,2.6739483914241875,171.0,181.0,0.40451127819548943,18.857611560821532,0.5390010868267469,17.827760696411133,19.880281448364258,-0.013984259985443528,1.0,0.0,1.0,1.0,2.8998059504378483e-18,223.6,9.774456506629921,209.0,247.0,0.8360902255639096,159.65,5.246665607793202,148.0,166.0,0.8248120300751848,167.85,3.9022429447690716,158.0,173.0,0.5887218045112809,185.7,3.2264531609803355,179.0,191.0,0.4887218045112798,193.8,3.1559467676119,188.0,199.0,0.490225563909775,17.85,1.1521718621802914,16.0,22.0,-0.09999999999999973,222.6,9.774456506629921,208.0,246.0,0.836090225563912,0.10760763567967438,0.004406620959983784,0.10151134505553235,0.11800720511289571,-0.0004072994922605408,236.3,4.148493702538308,230.0,246.0,-0.14285714285714224,259.95,7.0955972264496525,248.0,278.0,-0.6007518796992465
650,1,Sick,2,esq,11.607731119791667,0.23901732605948572,11.255533854166666,11.990559895833334,-0.0014991091008772263,185.84667282104493,12.662647055497192,154.56430053710938,196.92901611328125,1.9685368473368492,185.9,11.9870763741623,156.0,196.0,1.8646616541353378,17.832737541198732,0.6343595528752631,16.28812599182129,18.734224319458008,0.06860702916195512,108.45,20.011184372745156,62.0,144.0,3.050375939849625,241.7,10.977704678119192,208.0,251.0,1.3609022556391017,162.15500030517578,11.309132559082212,134.0,173.0,1.7561654456576012,174.5,12.662938047704412,144.0,186.0,1.9909774436090204,197.15,14.02595807779276,164.0,210.0,2.209774436090229,209.45,14.193220212481732,174.0,221.0,2.176691729323308,22.65,1.49248115565993,20.0,24.0,0.21879699248120335,133.25,15.332563386466074,102.0,155.0,-1.6894736842105262,0.09621895819079862,0.004216042007574885,0.08975778524140905,0.10538090577979661,-0.0006778202059961667,173.95,3.7613162589710534,168.0,182.0,-0.009774436090223694,238.25,1.0897247358851685,236.0,240.0,-0.04887218045112729
700,1,Sick,2,dir,10.412467447916669,0.2591307545892074,9.928059895833332,11.0693359375,-0.021306195175438674,160.89413528442384,9.874575942187757,132.7480010986328,172.00631713867188,1.5593784762504403,160.65,9.551308810838439,134.0,172.0,1.522556390977442,22.535775089263915,1.0341193155906734,18.530710220336914,23.486087799072266,0.10679102876132553,1.05,0.21794494717703372,1.0,2.0,-0.014285714285714294,235.2,7.852388171760233,205.0,242.0,0.8421052631578912,139.45,9.646113206882864,113.0,150.0,1.5360902255639102,148.85,10.427247959073382,120.0,161.0,1.666917293233084,171.6,10.466135867644754,142.0,184.0,1.6736842105263143,186.05,10.965742108950037,154.0,198.0,1.7030075187969895,22.75,0.6224949798994366,22.0,24.0,0.006766917293233011,234.15,8.045340266265933,203.0,241.0,0.8563909774436086,0.1402702577018177,0.004958419239217597,0.13415969372417266,0.15103669022997834,-0.0007031464087955413,185.35,3.758656674930553,180.0,192.0,-0.06390977443608832,209.65,3.118894034750139,204.0,216.0,-0.24135338345864404
1050,1,Sick,2,esq,11.386800130208334,0.27073734000553257,10.873372395833334,11.946614583333332,-0.015678111293859803,172.19160842895508,7.4845284846544615,152.38079833984375,181.3685302734375,1.2057993609206143,173.25,7.013380069552769,154.0,182.0,1.1315789473684212,23.144036197662352,0.9027198562201985,20.670379638671875,24.362197875976562,0.1319895220878426,1.0,0.0,1.0,1.0,2.8998059504378483e-18,239.6,7.920858539325141,212.0,249.0,0.857142857142859,149.8,8.37615663654877,128.0,159.0,1.3503759398496267,161.2,7.406753674856482,142.0,170.0,1.1969924812030068,184.55,7.116705698565875,166.0,193.0,1.1556390977443622,196.7,8.888756943465154,174.0,207.0,1.431578947368417,23.35,0.5722761571129799,23.0,25.0,-0.041353383458646344,238.6,7.920858539325141,211.0,248.0,0.8571428571428583,0.13445720871232839,0.0024476839321276827,0.12754057910000935,0.1381883919293972,-0.00017665815092063892,189.2,2.293468988235943,186.0,193.0,-0.010526315789474189,232.0,4.61519230368573,223.0,242.0,-0.21804511278195654
42,0,Healthy,3,dir,15.388378906250002,0.7944238794180016,12.432942708333334,16.171223958333332,-0.006616149749373604,152.85526809692382,2.4702562988992725,149.50843811035156,160.57557678222656,-0.0002655373480047186,156.0,2.5099800796022267,152.0,164.0,0.05563909774435648,21.038375282287596,0.827588814190855,20.102994918823242,23.88692855834961,0.04253117840989164,91.35,6.635322147416807,64.0,98.0,-0.1030075187969913,214.25,9.822805098341307,202.0,245.0,-0.37067669172932366,122.8,2.1587033144922905,120.0,129.0,-0.04360902255639076,134.4,2.3108440016582685,132.0,141.0,-0.0736842105263138,168.9,2.913760456866693,165.0,178.0,0.06015037593985043,178.95,2.9236107812087435,175.0,188.0,0.053383458646617456,34.5,1.5652475842498528,32.0,38.0,0.133834586466165,122.9,14.473769377739858,111.0,181.0,-0.2676691729323302,0.13763192258320736,0.0048050943313359944,0.1321911762905716,0.15529732802334043,0.00027930571783695945,240.45,6.135755862157489,223.0,250.0,-0.5766917293233025,293.8,7.011419257183241,274.0,303.0,0.08270676691728948
64,0,Healthy,3,dir,12.198958333333334,0.3345112904111656,11.361653645833334,12.780598958333334,0.029480439379699287,148.45286712646484,1.5315585963255438,145.88629150390625,150.85629272460938,0.20039486992628155,148.6,1.4966629547095764,146.0,151.0,0.18496240601503747,13.578114461898803,0.7380234219353566,12.0642728805542,14.765826225280762,0.04258484159197124,90.35,7.247585804942223,77.0,104.0,0.05338345864661634,210.15,5.121279137090655,202.0,220.0,0.17969924812030313,132.15,1.0136567466356645,131.0,134.0,0.11353383458646502,137.7,1.3820274961085255,136.0,140.0,0.18796992481203068,155.65,1.7399712641305316,153.0,159.0,0.23533834586465846,164.15,2.495495942693556,159.0,168.0,0.3541353383458665,17.95,0.49749371855331004,17.0,19.0,0.04736842105263195,119.8,9.431860898041277,98.0,134.0,0.126315789473682,0.09144855676920244,0.0045997311231314114,0.08269641209044762,0.09814446999128286,0.00016722527248717812,204.95,4.800781186432058,197.0,218.0,0.1601503759398496,257.75,3.374537005279391,250.0,264.0,0.33909774436090373
220,0,Healthy,3,dir,12.637565104166665,0.7284852642406665,11.750651041666666,14.879231770833334,-0.027081375313283074,100.15821685791016,3.062813083092622,93.63214874267578,107.27574157714844,-0.18883863176618385,100.0,3.1937438845342623,93.0,108.0,-0.153383458646615,23.300629901885987,0.8502171619905463,21.63085174560547,24.93292808532715,-0.057768798770760514,1.0,0.0,1.0,1.0,2.8998059504378483e-18,167.7,9.165696918401787,155.0,187.0,0.8947368421052683,70.5,2.958039891549808,64.0,76.0,-0.20601503759398485,81.7,2.951270912674741,75.0,87.0,-0.07969924812030171,118.4,3.652396473549935,112.0,127.0,-0.30225563909774383,130.45,3.853245385386194,123.0,140.0,-0.30451127819549006,36.7,1.9000000000000001,33.0,41.0,-0.22255639097744304,166.7,9.165696918401787,154.0,186.0,0.8947368421052634,0.23275156988208584,0.008594053422136538,0.21727109662408464,0.2496357451458085,-0.00014070315481837174,215.9,6.89129886160802,207.0,239.0,-0.8887218045112765,243.4,9.65090669315583,231.0,269.0,0.5398496240601551
1000,0,Healthy,3,dir,10.632259114583333,1.0202664214149377,9.234700520833334,12.893229166666668,-0.1522629816729322,128.8101276397705,2.651042975526631,124.11288452148438,133.7809600830078,-0.3913741778610346,129.75,2.662235902394827,124.0,134.0,-0.3857142857142821,22.48605375289917,0.5267912181907175,21.586599349975586,23.358638763427734,0.0009049451440797862,1.0,0.0,1.0,1.0,2.8998059504378483e-18,189.6,3.3226495451672293,179.0,194.0,0.3939849624060137,101.5,2.2693611435820435,97.0,106.0,-0.3293233082706768,116.1,2.6057628441590763,111.0,121.0,-0.3834586466165416,142.55,3.7212229172679243,136.0,150.0,-0.5421052631578955,156.15,3.1980462785894765,150.0,162.0,-0.39624060150375906,26.45,1.5321553446044565,24.0,29.0,-0.15864661654135323,188.6,3.3226495451672293,178.0,193.0,0.3939849624060123,0.17461427308479205,0.004536428453011567,0.16787902608490843,0.1875969873342798,0.0005393481602513926,188.7,14.553693689232299,167.0,219.0,-2.2872180451127817,204.25,7.999218711849301,193.0,223.0,-0.9827067669172939
202,1,Sick,3,dir,15.552506510416668,0.3461819266841923,14.768880208333332,16.140950520833332,-0.03091126253132828,184.5252555847168,8.805757181200303,161.45008850097656,192.55026245117188,1.393914301592605,187.3,9.638983348880732,163.0,196.0,1.5443609022556382,20.820360088348387,1.3875096069606359,17.857532501220703,22.47385025024414,0.23000336410407776,2.0,0.0,2.0,2.0,5.799611900875697e-18,241.2,6.727555276621664,232.0,249.0,1.1007518796992481,157.25,6.684870978560469,138.0,163.0,1.0112781954887229,174.9,7.442445834535849,154.0,181.0,1.1293233082706753,197.7,10.090094152187085,172.0,207.0,1.6105263157894727,205.4,10.413452837555852,179.0,215.0,1.663157894736842,22.8,2.891366458960192,18.0,27.0,0.4812030075187971,239.2,6.727555276621664,230.0,247.0,1.100751879699247,0.11273553228556624,0.0025383690003920162,0.10724870094182906,0.11685396989137159,0.0003989833535651572,206.9,3.8974350539810154,198.0,213.0,-0.255639097744364,289.75,4.14578098794425,280.0,297.0,-0.3556390977443677
241,1,Sick,3,dir,13.135660807291668,0.7644926932136598,12.098958333333334,15.301106770833334,-0.059582794877819485,184.80073776245118,1.9364298137570275,180.7317657470703,187.76393127441406,0.24838916520426982,183.95,1.6575584454250776,180.0,186.0,0.19473684210526124,21.290771579742433,0.35534078093043064,20.626529693603516,21.986196517944336,0.04580473505464705,72.8,32.92354780396548,15.0,126.0,-4.0210526315789465,253.6,2.244994432064365,248.0,255.0,-0.186466165413532,157.8,3.171750305430741,151.0,162.0,0.4751879699248104,169.05,1.2835497652993437,167.0,171.0,0.10601503759398467,199.1,2.3853720883753127,194.0,203.0,0.34135338345864763,213.55,2.6167728216259047,208.0,218.0,0.3526315789473706,30.05,1.4654350889752845,27.0,32.0,0.23533834586466193,180.8,31.520786792210632,129.0,240.0,3.8345864661654097,0.11521171912735204,0.0016694923525724325,0.1128687499739993,0.11878844242591222,9.256786795535526e-05,356.0,166.95837804674554,192.0,561.0,24.61052631578947,305.25,61.55231514736062,244.0,403.0,9.342105263157896
245,1,Sick,3,dir,11.897607421875,0.9459573105713835,10.124348958333334,13.353841145833334,0.14618455317982437,152.68370666503907,8.609403233544045,133.27162170410156,164.5142364501953,1.459299623876587,153.25,8.734271578099687,133.0,166.0,1.4774436090225562,18.38401002883911,0.40938428053566933,17.819711685180664,19.114255905151367,0.022050557817731815,107.5,7.58617163001207,89.0,118.0,1.2045112781954885,214.5,7.473285756613352,199.0,225.0,1.2300751879699263,127.6,8.16333265278342,109.0,139.0,1.3789473684210525,139.95,8.628296471494243,121.0,152.0,1.4639097744360923,164.9,8.148005891014071,147.0,177.0,1.3834586466165417,174.8,9.108238029388561,155.0,188.0,1.5443609022556366,24.95,0.8645808232895291,24.0,27.0,-0.08045112781954897,107.0,3.591656999213594,100.0,114.0,0.02556390977443489,0.12075886339396243,0.0068435159370368055,0.11332764231299515,0.13759747868381006,-0.0010405718863259396,227.9,6.774215821775979,217.0,239.0,0.9834586466165428,209.35,10.051243704139303,189.0,224.0,1.5120300751879725
249,1,Sick,3,dir,9.06552734375,0.3474205500147095,8.070638020833334,9.640299479166666,0.014599486998746717,172.05598373413085,1.2769366801556332,170.168701171875,174.6229248046875,0.1858742964895155,170.0,1.224744871391589,168.0,172.0,0.1804511278195505,15.427538204193116,0.5358345928995657,14.638825416564941,16.504413604736328,0.08315619275085918,144.55,2.132486811213612,137.0,147.0,0.15413533834586668,239.55,4.200892762258994,231.0,246.0,0.6909774436090284,154.9,0.7000000000000001,154.0,156.0,0.03759398496240391,161.1,1.0440306508910548,160.0,163.0,0.1172932330827051,178.75,1.6393596310755,176.0,182.0,0.24586466165413431,191.1,1.972308292331602,188.0,195.0,0.2661654135338327,17.65,0.9096702699330126,16.0,19.0,0.12857142857142867,95.0,4.207136793592526,86.0,102.0,0.5368421052631568,0.08964978503860324,0.002516935076528319,0.08583419298444173,0.0946824558697554,0.0003851547439733168,188.9,5.898304841223451,178.0,203.0,-0.2947368421052632,188.25,6.227961143102934,167.0,198.0,0.26240601503759353
259,1,Sick,3,esq,21.667919921874997,0.2678977380397047,21.033528645833332,22.214192708333332,0.021000988800125398,180.32672882080078,7.651272820954775,157.00694274902344,187.96539306640625,1.1810306635118089,178.75,8.06768244293242,155.0,187.0,1.2669172932330817,18.169604682922362,0.3557160181119116,17.05952262878418,18.56685447692871,0.034624363605241175,109.8,15.354478174135387,60.0,134.0,0.23609022556391254,244.85,5.525169680652351,232.0,253.0,0.03383458646616758,157.85,6.754813098820721,137.0,165.0,1.029323308270681,167.95,7.761926307302847,144.0,176.0,1.1917293233082724,192.9,7.892401408950256,169.0,201.0,1.2135338345864635,205.0,7.648529270389178,181.0,212.0,1.1458646616541355,24.95,0.4974937185533099,24.0,26.0,0.02180451127819555,135.05,14.991580970664836,113.0,182.0,-0.20225563909774646,0.10088089969281325,0.003065388966012605,0.09493912011900975,0.10865457495121048,-0.0004805542809579392,283.95,2.9576172842340505,278.0,290.0,0.21729323308270743,296.85,2.554897258208243,291.0,301.0,-0.12105263157894533
282,1,Sick,3,esq,10.452034505208335,0.21486104321480415,10.140299479166668,11.0126953125,-0.003401815084586468,183.58706436157226,5.437184936964067,168.6559600830078,190.6035919189453,0.8757478986467652,185.45,5.41733329231274,171.0,193.0,0.8819548872180489,20.499316501617432,0.3585543869638401,19.984508514404297,21.193483352661133,0.0013418599178916264,108.05,7.060276198563339,94.0,123.0,0.8533834586466166,253.65,3.5815499438092444,241.0,255.0,0.36015037593984744,154.35,5.685727745856286,139.0,161.0,0.9045112781954885,172.5,4.663689526544408,159.0,179.0,0.7233082706766908,195.75,5.384004086179727,181.0,203.0,0.8684210526315751,206.6099998474121,6.602264703084477,189.0,215.0,1.0789473569482753,23.25,1.0897247358851685,22.0,25.0,0.1451127819548874,145.6,5.580322571321482,132.0,154.0,-0.49323308270676824,0.111753423656339,0.0036992326913272305,0.10676121734022223,0.11849275000165113,-0.0005348916098993214,170.8,3.043024810940588,166.0,178.0,-0.17142857142857038,223.05,2.132486811213612,220.0,230.0,0.12556390977443618
450,1,Sick,3,dir,13.36435546875,0.5254840688003536,12.538411458333334,15.063151041666668,-0.06152588502506259,156.95549087524415,4.927492785209732,145.44015502929688,163.39926147460938,0.8178456356650886,156.35,4.871088174114692,145.0,163.0,0.8067669172932331,13.64211139678955,0.48032368703111694,12.84993839263916,14.495807647705078,0.031572125370341236,106.0,8.809086218218097,91.0,128.0,-0.2421052631578933,232.55,11.517269641716304,209.0,249.0,0.6488721804511308,140.55,4.769433928675393,130.0,147.0,0.7947368421052629,148.35,5.0524746412030614,137.0,155.0,0.84285714285714,164.9,5.048762224545735,152.0,171.0,0.8270676691729332,172.5,5.481788029466299,159.0,179.0,0.896240601503759,16.55,0.6689544080129824,15.0,18.0,-0.015789473684210395,126.55,15.705015122565147,96.0,158.0,0.8909774436090219,0.08696585616146266,0.0031961193675153574,0.08110379755454762,0.09231566619063654,-0.0002559880563658386,214.7,3.451086785347479,209.0,224.0,-0.2406015037593955,246.55,7.8068879843379335,234.0,273.0,-0.8157894736842075
51,0,Healthy,4,dir,17.19619140625,1.0235734461343828,15.434244791666666,18.7158203125,0.003070175438596373,146.63866806030273,1.571555773945535,143.5723114013672,150.14051818847656,-0.12133120199791345,144.25,1.4448183276799889,141.0,147.0,-0.12105263157894618,21.05728712081909,0.9655626431324867,19.659570693969727,24.13703155517578,0.08258826320332704,1.05,0.21794494717703372,1.0,2.0,-0.002255639097744359,215.4,8.06473806146238,204.0,234.0,-0.3187969924812029,124.75,1.699264546796643,121.0,128.0,-0.21729323308270737,132.4,1.3564659966250536,129.0,135.0,-0.13984962406015145,159.8,2.0396078054371136,157.0,165.0,-0.0255639097744401,174.35,1.6515144564913744,171.0,178.0,-0.07894736842105175,27.4,1.4966629547095762,25.0,31.0,0.11428571428571449,214.35,7.96413837147497,203.0,233.0,-0.31654135338345957,0.14361559767015328,0.006756176084578796,0.1335223077318651,0.16516070609697117,0.0006801937514547457,233.75,5.175664208582315,226.0,245.0,-0.2067669172932328,316.15,13.85379009513281,294.0,341.0,0.8984962406015106
66,0,Healthy,4,dir,18.909749348958336,0.8403901373578786,17.290690104166668,20.559244791666668,-0.12049043507205495,149.5623680114746,1.2266696123893726,147.10366821289062,151.56434631347656,0.19307995559577534,155.4,1.4628738838327793,153.0,158.0,0.2390977443608999,24.68052864074707,0.7645363448842527,23.67788314819336,26.10750389099121,0.12016656344994528,1.0,0.0,1.0,1.0,2.8998059504378483e-18,221.7,9.33862944976403,203.0,240.0,-0.4977443609022572,114.7,0.6403124237432849,113.0,116.0,0.055639097744360023,128.35,0.6538348415311009,127.0,130.0,-0.0022556390977456695,168.25,2.0706279240848655,165.0,172.0,0.3406015037593979,176.85,2.1971572542719833,173.0,181.0,0.36466165413534113,39.9,2.071231517720798,37.0,44.0,0.34285714285714247,220.7,9.33862944976403,202.0,239.0,-0.49774436090225815,0.16499472764306033,0.004045790967705751,0.15906033769128577,0.1726028616691876,0.0005889527820221038,218.2,4.935585071701227,210.0,232.0,-0.6015037593984961,362.6,10.297572529484802,337.0,383.0,-1.3563909774436012
137,0,Healthy,4,dir,11.945963541666668,0.7071931301238769,10.9296875,13.425455729166666,0.051124393013784276,148.2894714355469,2.2315638138088496,144.10400390625,152.6922607421875,-0.31383926276873875,152.2,2.0396078054371136,148.0,156.0,-0.3067669172932324,20.428497505187988,0.4361264492208661,19.65098762512207,21.29796600341797,-0.023384406871366052,1.0,0.0,1.0,1.0,2.8998059504378483e-18,190.5,4.006245124802026,187.0,205.0,-0.18195488721804662,123.9,2.586503431275512,119.0,128.0,-0.4300751879699261,138.15,2.43464576478797,133.0,142.0,-0.3601503759398519,161.6,2.517935662402834,157.0,167.0,-0.3669172932330814,167.7,2.776688675382964,163.0,175.0,-0.3067669172932318,23.45,0.6689544080129824,22.0,25.0,-0.0067669172932327505,189.5,4.006245124802026,186.0,204.0,-0.181954887218043,0.1377629817592043,0.0022073497004199976,0.13267987362683017,0.1408089017267683,0.00013535817557297337,196.85,6.085022596506935,182.0,204.0,0.28947368421052394,234.9,9.353608929178085,223.0,256.0,0.061654135338345115
166,0,Healthy,4,dir,10.407291666666667,0.5389103683088686,8.9287109375,11.870442708333332,0.003941983865914613,131.34093132019044,2.4172380291552074,126.70079040527344,135.17935180664062,-0.35124512292388543,129.7,3.7161808352124095,124.0,137.0,-0.5609022556390946,25.10713815689087,0.5098439418258199,24.1534481048584,26.265090942382812,-0.00229229317571909,1.0,0.0,1.0,1.0,2.8998059504378483e-18,200.6,2.9393876913398134,193.0,204.0,0.10977443609023052,103.3,2.147091055358389,100.0,106.0,-0.32631578947368556,113.9,2.447447650104083,110.0,118.0,-0.38345864661654105,151.25,2.6052830940226053,145.0,155.0,-0.3375939849624064,162.2,1.913112646970899,158.0,165.0,-0.21804511278195635,37.35,1.3143439428094914,35.0,41.0,0.045864661654136045,199.6,2.9393876913398134,192.0,203.0,0.10977443609022795,0.19119436953801447,0.003987780145935861,0.18522507909906577,0.19998761484443384,0.0004943743532443568,191.6,7.605261336732617,179.0,205.0,0.36541353383458675,222.65,6.366121268087815,207.0,238.0,-0.3165413533834589
138,1,Sick,4,dir,15.576513671874997,0.5908013860299995,14.702148437500002,16.988932291666668,-0.07366879111842108,169.87483978271484,4.578972783066862,155.07386779785156,173.4734344482422,0.6027456642093526,170.75,4.403123891057348,157.0,175.0,0.5872180451127827,20.54724817276001,0.8009395358807361,18.590206146240234,21.657840728759766,0.11410980368019044,1.0,0.0,1.0,1.0,2.8998059504378483e-18,222.5,4.8425200051213,207.0,229.0,0.20451127819548817,147.55,4.104570623098109,134.0,151.0,0.5105263157894749,158.4,4.2,145.0,162.0,0.5142857142857146,183.15,5.150485414016818,167.0,188.0,0.7165413533834599,192.35,5.488852339059595,176.0,196.0,0.7646616541353387,24.75,1.2599603168354152,22.0,27.0,0.20225563909774466,221.5,4.8425200051213,206.0,228.0,0.20451127819548995,0.12095127915714957,0.0032527741680778745,0.11546905593615236,0.12560004031609018,0.00023889216088940885,241.0,6.148170459575759,232.0,253.0,-0.936842105263155,245.7,4.9,235.0,253.0,0.23909774436090298
198,1,Sick,4,dir,14.931038411458335,0.16279118442911525,14.526692708333332,15.175455729166668,0.015581189301378702,170.86319808959962,2.596391239462892,164.0845489501953,173.59458923339844,0.30152065879420265,171.85,2.725344014982329,165.0,174.0,0.3406015037593993,14.740909051895141,0.598182773369198,13.508465766906738,15.675941467285156,0.09495609469879819,115.0,5.974947698515862,105.0,127.0,-0.04962406015037525,233.7,2.882707061079915,228.0,239.0,-0.06766917293233154,151.15,2.006863224038948,146.0,153.0,0.13759398496240552,161.65,2.2197972880423116,156.0,164.0,0.20827067669172905,179.05,3.185514087239295,171.0,182.0,0.418796992481203,187.6,3.4698703145794942,179.0,191.0,0.4781954887218006,17.4,1.319090595827292,15.0,20.0,0.2105263157894735,118.7,5.030904491242107,109.0,128.0,-0.018045112781955003,0.08625184942660201,0.002644968358880053,0.08216958998932285,0.0915139879852418,0.00040642454067423673,204.15,1.8513508581573617,201.0,208.0,-0.07894736842105085,271.45,1.774119499921017,268.0,274.0,0.21879699248120726
213,1,Sick,4,dir,21.88463541666667,0.3910689669959676,21.0673828125,22.46875,-0.031147203947368658,159.86993408203125,3.4038148382965767,150.8596649169922,164.82655334472656,0.5197025844029014,164.25,3.686122624113311,155.0,169.0,0.5721804511278221,26.15042896270752,0.7307794600328682,25.081783294677734,27.252288818359375,0.11282499786606408,76.75,18.838458004836806,4.0,89.0,1.4548872180451138,214.25,4.69973403502794,207.0,222.0,0.722556390977443,121.5,2.6172504656604803,113.0,125.0,0.3593984962406023,134.8,2.767670500619609,127.0,139.0,0.3774436090225597,180.85,3.453621287865825,173.0,186.0,0.5451127819548862,192.3,4.360045871318328,182.0,199.0,0.6857142857142889,46.05,1.2439855304624727,44.0,48.0,0.16766917293233097,137.5,16.560495161679196,127.0,203.0,-0.7323308270676694,0.16357828630544963,0.0032344150588321137,0.15828397744515302,0.1723085842561435,0.0001671291127200248,242.8,15.484185480676725,235.0,309.0,-0.1443609022556403,365.45,7.22132259354199,355.0,389.0,-0.4684210526315735
261,1,Sick,4,esq,18.038720703124998,0.8624995385197929,16.522786458333332,19.200520833333336,0.13934176260964926,185.37089004516602,2.8975942678059394,176.41943359375,188.45423889160156,0.4117366589997959,185.75,2.896118091514916,177.0,189.0,0.42180451127819346,13.846942663192749,0.4966963012240992,13.247014999389648,14.99608039855957,-0.04158464087579503,96.15,11.841769293479754,71.0,112.0,0.5300751879699261,243.35,4.962610200287748,230.0,251.0,0.04887218045112871,169.1,3.315116890850155,158.0,172.0,0.4270676691729328,177.0,2.9154759474226504,168.0,180.0,0.4075187969924792,193.6,2.634387974463898,186.0,197.0,0.3894736842105268,202.6,2.8879058156387303,194.0,206.0,0.4255639097744382,16.6,0.5830951894845301,16.0,18.0,-0.018045112781954916,147.2,10.308249123881321,133.0,170.0,-0.4812030075188001,0.07474588873251942,0.0036369353427545587,0.07134457819189904,0.08500242911499085,-0.000398994455583366,229.75,6.323567031351846,219.0,239.0,0.9451127819548841,293.4,3.3970575502926055,285.0,298.0,0.4751879699248186
270,1,Sick,4,esq,18.128515625,0.5749136929077319,16.9521484375,19.454427083333332,0.011471549968672005,159.44725341796874,11.429095017847626,133.2044219970703,171.5157928466797,1.8436503245418214,161.25,11.789295992551889,134.0,173.0,1.8819548872180465,22.207959938049317,0.42495822654952403,21.34427261352539,22.91811180114746,-0.010565753449174575,86.35,9.029257998307502,69.0,99.0,1.2714285714285711,234.05,14.16853909194593,208.0,255.0,0.1766917293233094,130.35,11.345814206129061,104.0,142.0,1.8368421052631587,141.9,11.357376457615553,116.0,154.0,1.8481203007518798,177.15,11.675936793251326,150.0,190.0,1.8714285714285734,185.8,11.788129622633102,158.0,198.0,1.8736842105263183,35.25,0.8874119674649424,34.0,37.0,0.02330827067669178,147.7,15.456713751635565,129.0,184.0,-1.0947368421052663,0.14008349921120072,0.011589164516664769,0.1280176084239741,0.1700099430850025,-0.001778750986832559,242.6,3.0886890422960995,237.0,248.0,-0.12481203007518814,324.35,5.8930043271662385,314.0,339.0,-0.10300751879698233
280,1,Sick,4,esq,15.857356770833334,0.6610259205116678,14.800455729166668,16.91796875,-0.10068334899749366,154.91557083129882,8.987935189273589,129.3938446044922,163.84732055664062,1.2191783130617069,153.2,8.435638683585257,129.0,161.0,1.1353383458646626,22.461754703521727,1.2719494094711061,18.984275817871094,23.831409454345703,0.17709022894837806,1.0,0.0,1.0,1.0,2.8998059504378483e-18,247.95,11.551947887694094,213.0,255.0,1.3150375939849583,135.05,8.303463132934354,111.0,143.0,1.1045112781954913,145.45,8.052794545994578,122.0,153.0,1.0609022556390992,164.2,9.739609848448756,137.0,174.0,1.3669172932330838,183.0,10.972693379476162,152.0,194.0,1.524812030075187,18.75,1.8674849396983098,15.0,21.0,0.306015037593985,246.95,11.551947887694094,212.0,254.0,1.3150375939849597,0.14502168246351893,0.0020166656945461935,0.14057491745591177,0.14932574139094182,-1.8133339993265533e-06,232.9,5.52177507691141,222.0,242.0,-0.6721804511278169,277.45,3.800986713999406,271.0,286.0,-0.3075187969924874
550,1,Sick,4,dir,14.810677083333331,0.4800090340364638,13.858723958333332,15.451497395833332,-0.0222186325187972,180.91256561279297,4.67183321502324,172.18785095214844,187.77418518066406,0.801519041133105,181.6,4.737087712930805,173.0,189.0,0.813533834586469,13.20422067642212,0.2790702882749801,12.751248359680176,13.937040328979492,0.0036215488175700074,123.0,9.055385138137417,107.0,140.0,0.4736842105263179,233.9,7.647875521999558,222.0,253.0,0.1864661654135338,163.1,5.63826214360418,152.0,171.0,0.9609022556390969,174.1,4.146082488325575,167.0,180.0,0.7112781954887205,188.2,4.728636167014756,180.0,195.0,0.8150375939849637,196.5,5.094114250780011,187.0,204.0,0.8691729323308329,14.1,0.7000000000000001,13.0,15.0,0.10375939849624058,110.9,12.214335839496146,93.0,136.0,-0.2872180451127817,0.07303467289346835,0.0024434917867684905,0.07009189051676153,0.08019577893419914,-0.0003090813821938658,214.9,4.548626166217664,207.0,225.0,-0.12631578947368322,269.55,5.713799086422273,258.0,279.0,-0.20977443609022814
226,0,Healthy,5,dir,12.144075520833335,0.7574232600151728,11.259765625,14.333658854166668,-0.09739974937343375,126.92527351379394,2.8541259755544908,123.4331283569336,135.92251586914062,-0.016967515300090916,128.0,2.8106938645110393,124.0,136.0,0.016541353383456414,23.86726770401001,0.658929504498336,22.70134162902832,25.6237735748291,0.034527015686034924,1.0,0.0,1.0,1.0,2.8998059504378483e-18,206.1,8.717224328879004,194.0,224.0,-0.403007518796996,96.45,2.2242976419535223,93.0,104.0,-0.029323308270675887,110.5,2.5592967784139455,108.0,119.0,-0.06315789473684538,145.0,3.3015148038438356,140.0,155.0,0.0030075187969920655,156.1,3.753664875824692,151.0,167.0,0.0375939849624053,34.5,1.0723805294763609,32.0,37.0,0.06616541353383489,205.1,8.717224328879004,193.0,223.0,-0.40300751879699287,0.18803885348581748,0.00283976173617467,0.18231594556650196,0.19329961318473207,0.00029087805002181157,208.8,4.728636167014756,201.0,219.0,0.10977443609022323,234.9,12.364869590901476,221.0,265.0,-1.640601503759398
850,0,Healthy,5,dir,18.698437499999997,0.4780146297590681,17.9345703125,19.46875,0.05361205748746845,134.2110626220703,2.884816039062305,126.04495239257812,138.02142333984375,0.3443738435444084,132.55,2.71062723368596,125.0,136.0,0.32706766917293095,21.060117053985596,0.4222314468528525,20.096086502075195,21.83091163635254,0.0014268703030461745,1.0,0.0,1.0,1.0,2.8998059504378483e-18,229.7,9.649352309870336,212.0,250.0,-0.5218045112781973,112.05,3.3087006513131403,103.0,116.0,0.450375939849623,123.05,2.9236107812087435,115.0,127.0,0.36917293233082593,144.7,2.6664583251946765,138.0,149.0,0.2947368421052594,158.0,2.8284271247461903,150.0,162.0,0.29924812030075043,21.65,0.9096702699330126,21.0,24.0,-0.07443609022556393,228.7,9.649352309870336,211.0,249.0,-0.5218045112781966,0.15695173305541105,0.00299762124132821,0.15033762879542525,0.1632609573568787,-0.00039520397196963206,265.65,3.2291639784935047,259.0,270.0,0.07744360902255579,274.05,9.178643690654953,259.0,287.0,0.9872180451127877
950,0,Healthy,5,dir,13.49326171875,0.7386956782915507,12.320638020833332,15.052083333333332,-0.09777079417293236,116.04209747314454,2.9302367910845866,109.97834014892578,120.88961029052734,0.45797510362209415,116.15,2.7798381247835278,111.0,121.0,0.37969924812030154,24.45085687637329,0.5316845267157734,23.61478614807129,25.787817001342773,0.019169976657494158,1.0,0.0,1.0,1.0,2.8998059504378483e-18,224.35,13.30140969972732,203.0,251.0,-1.6503759398496254,84.7,3.018277654557314,78.0,89.0,0.4511278195488723,98.0,2.449489742783178,93.0,102.0,0.3654135338345843,134.05,3.412843389316304,128.0,140.0,0.5586466165413538,144.8,4.833218389437828,136.0,153.0,0.8120300751879709,36.05,1.2835497652993435,34.0,39.0,0.1932330827067669,223.35,13.30140969972732,202.0,250.0,-1.6503759398496207,0.21082807460697026,0.006670549676074909,0.20034881841789187,0.23110516585626975,-0.000686789401739715,212.2,4.632493928760187,204.0,220.0,-0.3428571428571439,242.55,8.27934176127547,229.0,259.0,-0.7390977443608987
181,1,Sick,5,dir,24.38408203125,0.37071177887091533,23.906901041666668,25.435221354166664,0.017266310307017807,170.60652694702148,2.4841417620851933,163.52992248535156,173.84805297851562,0.35341745247518586,174.6,2.3108440016582685,168.0,178.0,0.2992481203007537,26.079758739471437,0.3623871040083396,25.6586856842041,26.83028221130371,-0.047777550202563544,89.5,6.06217782649107,75.0,98.0,1.0030075187969931,248.5,4.914264950122246,240.0,255.0,-0.560902255639098,131.7,2.9,124.0,135.0,0.4556390977443608,152.5,3.0903074280724887,144.0,156.0,0.4466165413533838,188.7,2.5317977802344322,182.0,192.0,0.3533834586466137,200.15,2.2643983748448506,193.0,203.0,0.27142857142857035,36.2,0.9273618495495705,34.0,38.0,-0.09323308270676728,159.0,9.710818709048171,144.0,174.0,-1.563909774436087,0.15290997694535594,0.00365214021238037,0.1480139858488765,0.16022832489059305,-0.0005989123527552617,261.2,2.0880613017821097,258.0,266.0,-0.27669172932330816,375.0,7.674633541739957,355.0,391.0,0.8781954887218011
192,1,Sick,5,esq,16.84265950520833,0.27317824458920004,16.363606770833332,17.321940104166668,-0.02350970198934835,204.66942977905273,3.1959547332734353,198.45135498046875,209.21466064453125,0.5178463010859682,204.9,3.9610604640676716,198.0,211.0,0.6646616541353364,18.812620162963867,0.3027004753324399,18.01189613342285,19.455610275268555,-0.0027295248849049897,2.0,0.0,2.0,2.0,5.799611900875697e-18,254.7,1.3076696830622019,249.0,255.0,-0.08571428571428472,186.4,3.215587038162705,179.0,190.0,0.5022556390977437,196.2,3.501428280002319,188.0,200.0,0.5548872180451121,216.0,3.847076812334269,209.0,221.0,0.6270676691729312,224.85,2.8683619018526936,219.0,229.0,0.4383458646616499,19.8,0.812403840463596,19.0,21.0,0.07218045112781978,252.7,1.3076696830622019,247.0,253.0,-0.0857142857142811,0.09194303095405063,0.00223080517994741,0.08781767508815784,0.09803717529257154,-0.0002501594604815484,238.55,2.4181604578687494,234.0,243.0,0.21127819548872376,271.95,5.739991289191997,261.0,281.0,-0.8052631578947324
204,1,Sick,5,dir,17.485042317708334,0.4401510357400258,16.711263020833332,18.281901041666668,-0.016266985823935008,154.66570739746095,8.494062683666304,128.49253845214844,161.6295166015625,1.1795623320385928,158.4,8.517041739947034,132.0,166.0,1.1894736842105251,25.000052165985107,1.2215392786841373,21.093114852905273,26.198667526245117,0.1691193530434056,86.1,10.624970588194586,58.0,97.0,1.655639097744363,236.75,4.193745342769396,228.0,245.0,-0.30451127819548596,117.65,6.318821092577317,98.0,123.0,0.8609022556390992,136.95,7.684237112426971,114.0,144.0,1.057894736842103,172.85,9.546072490820505,144.0,181.0,1.3556390977443606,184.35,9.94120214058642,154.0,192.0,1.3962406015037563,35.9,2.022374841615669,30.0,39.0,0.2977443609022555,150.65,11.598599053333984,133.0,171.0,-1.9601503759398502,0.16170767417843043,0.0019348440929230944,0.15820125904210117,0.16625116332351014,-0.00015202217231043488,263.65,17.82771718420505,254.0,339.0,-0.626315789473686,294.3,19.869826370655584,279.0,376.0,-0.09924812030074527
250,1,Sick,5,esq,5.320068359375001,0.24417699110663696,4.932942708333334,5.881184895833334,-0.01694739779135342,145.81375427246093,7.08202018934121,131.4539794921875,154.96517944335938,1.194905629552396,144.9,6.744627491566899,131.0,153.0,1.1413533834586427,31.281728744506836,1.1912393112970068,28.740110397338867,32.99503707885742,0.169903851272468,1.0,0.0,1.0,1.0,2.8998059504378483e-18,246.75,6.339361166552983,235.0,255.0,0.9180451127819543,110.45,4.2127781807258735,104.0,118.0,0.6879699248120295,130.15,7.80560695910318,116.0,140.0,1.3285714285714305,162.6,8.765842800324451,144.0,173.0,1.4691729323308278,179.45,8.042791834200496,163.0,191.0,1.331428585195901,32.45,1.4654350889752843,28.0,34.0,0.14060150375939895,245.75,6.339361166552983,234.0,254.0,0.9180451127819517,0.21469875804585845,0.005320973233683456,0.20062350124288622,0.2237608174008115,-0.0005949389357742949,156.3,4.616275555033517,148.0,163.0,0.04962406015037679,151.75,5.973901572674261,142.0,163.0,-0.4684210526315795
256,1,Sick,5,dir,6.9277994791666675,0.11603950685674723,6.779947916666666,7.276692708333334,0.0014748786027567148,190.8654998779297,9.68267372622986,167.367431640625,201.17079162597656,1.568207291911416,189.4,9.656086163658648,166.0,200.0,1.5654135338345865,10.728970956802367,0.5057564859687071,9.708027839660645,11.369928359985352,0.07072840884215834,162.55,9.243781693657633,136.0,170.0,1.3556390977443618,240.75,6.970473441596345,222.0,249.0,0.969172932330823,178.4,8.850988645343524,157.0,188.0,1.4360902255639094,183.7,9.381364506296512,161.0,194.0,1.5157894736842141,197.5,10.239628899525608,173.0,208.0,1.6706766917293265,205.9,10.601414999895061,180.0,217.0,1.697744360902253,13.8,1.0295630140987,12.0,15.0,0.15488721804511282,78.2,3.3555923471125033,75.0,86.0,-0.386466165413533,0.05623315031971401,0.0010835559375530692,0.05437322117708613,0.05841663395556166,-9.060893959784213e-05,156.65,2.5937424698685874,152.0,164.0,0.045864661654135656,160.3,1.7916472867168916,154.0,163.0,0.07368421052631849
400,1,Sick,5,dir,10.539485677083334,0.5303219646607585,9.607096354166666,11.654622395833334,0.008325990758145349,154.72902297973633,7.957360732814795,132.16671752929688,161.7379150390625,1.1438396138356133,156.3,8.155366331440913,133.0,163.0,1.0932330827067664,27.95078887939453,1.350193071945813,24.79204559326172,29.48557472229004,0.2197580323183448,1.0,0.0,1.0,1.0,2.8998059504378483e-18,212.8,8.518215775618742,187.0,219.0,1.0150375939849625,119.95,7.038998508310682,100.0,126.0,1.0082706766917309,135.6,7.045565981523415,115.0,141.0,0.9413533834586476,177.0,9.20869154657707,152.0,186.0,1.41654135338346,186.25,9.326708958684193,161.0,196.0,1.442857142857148,41.4,2.8530685235374214,37.0,45.0,0.47518796992481216,211.8,8.518215775618742,186.0,218.0,1.0150375939849632,0.1807209603464633,0.0038175207406205957,0.17265796391065913,0.18758160947566974,5.702790265254939e-05,183.0,7.5099933422074345,171.0,199.0,-0.9624060150375937,246.1,11.188833719382908,218.0,259.0,1.1578947368421106
600,1,Sick,5,esq,13.806510416666665,0.27629562116299344,13.253255208333334,14.3486328125,-0.014505502036341012,176.4800277709961,5.876765241359796,164.30023193359375,184.94515991210938,1.0007013765492838,175.35,6.223142293086347,164.0,185.0,1.063909774436089,33.46727304458618,0.6152172131823649,31.662851333618164,34.409088134765625,0.06869094533131553,1.0,0.0,1.0,1.0,2.8998059504378483e-18,254.75,1.0897247358851685,250.0,255.0,0.07142857142857255,138.35,4.901785389018984,128.0,145.0,0.8323308270676694,152.35,6.1504064906313305,141.0,162.0,1.0518796992481216,201.5,6.859300255857007,186.0,211.0,1.1609022556390995,220.25,5.931905258852336,206.0,228.0,0.9917293233082739,49.15,1.2757350822173075,45.0,51.0,0.10902255639097849,253.75,1.0897247358851685,249.0,254.0,0.07142857142856864,0.18976840069781353,0.00465404648802303,0.18138880643032676,0.19855432628767886,-0.000689580908062882,211.7,3.494281041931229,206.0,219.0,-0.42706766917293176,241.25,3.793085815006035,236.0,250.0,0.04887218045113256
